month,town,flat_type,floor_area_sqm,lease_commence_date,resale_price
2016-11,ANG MO KIO,4 ROOM,92,1977,590000
2016-10,ANG MO KIO,4 ROOM,92,1978,490000
2015-01,ANG MO KIO,3 ROOM,68,1979,290000
2014-09,ANG MO KIO,4 ROOM,92,1981,425000
2015-12,ANG MO KIO,EXECUTIVE,153,1996,760000
2012-08,ANG MO KIO,3 ROOM,67,1978,335000
2016-06,ANG MO KIO,3 ROOM,68,1981,277000
2012-03,,3 ROOM,89,1979,435000
2013-08,,3 ROOM,68,1980,348000
2012-08,,3 ROOM,68,1980,327000
2013-07,,3 ROOM,81,1980,413000
2012-12,,4 ROOM,83,1978,446800
2013-01,,4 ROOM,95,2006,648000
2014-06,,5 ROOM,118,1981,625000
2012-09,,3 ROOM,67,1979,353000
2015-07,,4 ROOM,93,1981,460000
2016-04,,3 ROOM,75,1980,320000
2017-06,,5 ROOM,125,1993,530000
2016-09,,5 ROOM,120,2011,980000
2014-08,ANG MO KIO,4 ROOM,98,1979,457000
2016-07,ANG MO KIO,5 ROOM,119,1979,622000
2015-01,ANG MO KIO,4 ROOM,91,1980,410000
2015-06,ANG MO KIO,3 ROOM,73,1978,372000
2014-06,ANG MO KIO,3 ROOM,68,1981,342000
2016-02,ANG MO KIO,3 ROOM,67,1980,285000
2014-03,ANG MO KIO,2 ROOM,44,1977,267000
2015-12,ANG MO KIO,3 ROOM,67,1979,314888
2014-12,ANG MO KIO,5 ROOM,110,2002,745000
2014-08,ANG MO KIO,4 ROOM,98,1978,510000
2015-12,ANG MO KIO,3 ROOM,67,1979,325000
2015-01,ANG MO KIO,4 ROOM,92,1978,423000
2014-09,ANG MO KIO,4 ROOM,93,1981,425000
2017-04,ANG MO KIO,4 ROOM,91,1980,428000
2016-12,ANG MO KIO,3 ROOM,67,1979,328000
2015-05,ANG MO KIO,3 ROOM,67,1978,328000
2016-12,ANG MO KIO,3 ROOM,67,1984,310000
2012-12,ANG MO KIO,4 ROOM,91,1980,470000
2017-05,ANG MO KIO,3 ROOM,88,1977,370000
2012-04,ANG MO KIO,3 ROOM,68,1981,307000
2017-05,ANG MO KIO,4 ROOM,95,2001,615000
2016-04,ANG MO KIO,3 ROOM,67,1985,335000
2017-01,ANG MO KIO,3 ROOM,68,1981,338000
2015-05,ANG MO KIO,4 ROOM,92,1979,465000
2017-02,ANG MO KIO,3 ROOM,73,1978,355000
2015-05,ANG MO KIO,3 ROOM,82,1980,350000
2016-09,ANG MO KIO,3 ROOM,68,1981,280000
2013-05,ANG MO KIO,3 ROOM,67,1978,374000
2017-06,ANG MO KIO,5 ROOM,110,2002,800000
2015-11,ANG MO KIO,3 ROOM,88,1978,418000
2015-08,ANG MO KIO,5 ROOM,136,1996,580000
2017-03,ANG MO KIO,3 ROOM,67,1979,317000
2014-06,ANG MO KIO,5 ROOM,121,1981,634000
2017-06,ANG MO KIO,5 ROOM,119,1993,612888
2012-03,ANG MO KIO,3 ROOM,67,1980,342000
2016-02,ANG MO KIO,4 ROOM,88,2012,650000
2014-06,ANG MO KIO,3 ROOM,68,1985,327000
2012-08,ANG MO KIO,3 ROOM,82,1980,388000
2014-06,ANG MO KIO,3 ROOM,81,1984,370000
2014-06,ANG MO KIO,3 ROOM,82,1985,355000
2014-12,ANG MO KIO,4 ROOM,100,1980,450000
2015-08,ANG MO KIO,3 ROOM,68,1980,330000
2016-02,ANG MO KIO,4 ROOM,98,1977,500000
2014-02,ANG MO KIO,5 ROOM,133,1996,650000
2013-12,ANG MO KIO,3 ROOM,67,1979,347000
2016-12,ANG MO KIO,3 ROOM,68,1980,335000
2012-07,ANG MO KIO,4 ROOM,81,1977,405000
2015-05,ANG MO KIO,4 ROOM,98,1977,472000
2016-08,ANG MO KIO,4 ROOM,82,1976,390000
2015-01,ANG MO KIO,3 ROOM,68,1981,341000
2013-04,ANG MO KIO,5 ROOM,110,2006,780000
2015-07,ANG MO KIO,3 ROOM,82,1980,380000
2015-08,ANG MO KIO,4 ROOM,92,1979,445000
2015-10,ANG MO KIO,3 ROOM,67,1980,280000
2016-10,ANG MO KIO,5 ROOM,119,1980,638000
2014-05,ANG MO KIO,3 ROOM,67,1979,360000
2013-12,ANG MO KIO,3 ROOM,89,1979,440000
2017-04,ANG MO KIO,3 ROOM,73,1978,370000
2014-06,ANG MO KIO,3 ROOM,73,1978,363000
2012-03,ANG MO KIO,5 ROOM,121,1980,603000
2015-10,ANG MO KIO,3 ROOM,68,1980,334000
2016-11,ANG MO KIO,4 ROOM,90,2002,545000
2014-01,ANG MO KIO,3 ROOM,68,1980,327000
2014-11,ANG MO KIO,4 ROOM,97,1977,480000
2015-06,ANG MO KIO,3 ROOM,68,1980,290000
2013-02,ANG MO KIO,2 ROOM,48,1977,315000
2014-10,ANG MO KIO,4 ROOM,90,2003,595000
2016-07,ANG MO KIO,5 ROOM,119,1980,633000
2015-03,ANG MO KIO,3 ROOM,68,1981,305000
2012-04,ANG MO KIO,4 ROOM,98,1978,525000
2017-05,ANG MO KIO,3 ROOM,67,1979,290000
2014-11,BEDOK,4 ROOM,93,1985,405000
2014-09,BEDOK,3 ROOM,68,1982,319000
2014-05,BEDOK,4 ROOM,91,1978,410000
2015-02,BEDOK,3 ROOM,83,1980,385000
2015-04,BEDOK,3 ROOM,67,1985,350000
2013-04,BEDOK,4 ROOM,92,1979,460000
2012-07,BEDOK,5 ROOM,117,1979,517000
2016-01,BEDOK,4 ROOM,92,1979,418000
2015-05,BEDOK,3 ROOM,68,1981,305000
2015-01,BEDOK,3 ROOM,65,1976,338000
2016-09,BEDOK,4 ROOM,92,1979,420000
2012-07,BEDOK,3 ROOM,67,1983,333000
2015-07,BEDOK,3 ROOM,68,1980,310000
2016-09,BEDOK,3 ROOM,67,1978,309000
2014-04,BEDOK,3 ROOM,66,1983,350000
2017-04,BEDOK,4 ROOM,92,1979,433888
2017-05,BEDOK,4 ROOM,92,1980,420000
2015-01,BEDOK,4 ROOM,84,1987,369000
2012-03,BEDOK,EXECUTIVE,148,1985,530000
2014-09,BEDOK,4 ROOM,92,1979,380000
2013-07,BEDOK,4 ROOM,92,1978,450000
2015-09,BEDOK,4 ROOM,84,1977,325888
2016-02,BEDOK,4 ROOM,95,1981,365000
2012-07,BEDOK,3 ROOM,68,1979,358000
2012-06,BEDOK,3 ROOM,68,1980,320000
2014-11,BEDOK,EXECUTIVE,147,1984,640000
2016-12,BEDOK,4 ROOM,92,2006,580000
2015-04,BEDOK,4 ROOM,88,1976,388000
2013-10,BEDOK,3 ROOM,67,1979,361500
2017-02,BEDOK,3 ROOM,68,1979,310000
2017-06,BEDOK,4 ROOM,92,1979,400000
2014-05,BEDOK,5 ROOM,121,1981,495000
2013-11,BEDOK,3 ROOM,63,1988,315000
2016-10,BEDOK,3 ROOM,65,1976,296500
2016-09,BEDOK,5 ROOM,121,1998,498000
2015-02,BEDOK,3 ROOM,67,1979,308000
2012-07,BEDOK,4 ROOM,84,1977,420000
2016-11,BEDOK,3 ROOM,68,1980,305000
2015-04,BEDOK,3 ROOM,67,1982,267000
2013-02,BEDOK,4 ROOM,84,1977,435000
2017-01,BEDOK,4 ROOM,90,1977,358000
2017-05,BEDOK,3 ROOM,82,1985,373000
2013-11,BEDOK,EXECUTIVE,143,1987,600000
2016-06,BEDOK,4 ROOM,111,1984,438888
2013-07,BEDOK,4 ROOM,91,1978,458000
2016-09,BEDOK,3 ROOM,59,1978,267000
2013-02,BEDOK,4 ROOM,97,1982,420000
2015-08,BEDOK,4 ROOM,92,2006,583000
2013-05,BEDOK,4 ROOM,91,1978,446000
2014-05,BEDOK,3 ROOM,80,1984,340000
2012-09,BEDOK,3 ROOM,68,1979,388000
2015-06,BEDOK,3 ROOM,82,1979,365000
2014-11,BEDOK,3 ROOM,68,1980,299000
2014-12,BEDOK,EXECUTIVE,145,1993,735000
2015-11,BEDOK,3 ROOM,59,1978,262000
2015-04,BEDOK,3 ROOM,65,1974,350000
2016-08,BEDOK,3 ROOM,65,1977,310000
2016-09,BEDOK,4 ROOM,91,1981,350000
2017-02,BEDOK,2 ROOM,45,1986,246000
2013-11,BEDOK,3 ROOM,68,1980,335000
2013-03,BEDOK,4 ROOM,85,2005,595000
2013-03,BEDOK,3 ROOM,60,1986,310000
2012-11,BEDOK,4 ROOM,105,1985,542800
2012-08,BEDOK,5 ROOM,123,1993,655000
2012-08,BEDOK,4 ROOM,91,1978,479000
2015-06,BEDOK,5 ROOM,122,1993,555000
2016-10,BEDOK,4 ROOM,96,1985,402000
2013-12,BEDOK,5 ROOM,126,1982,480000
2012-03,BEDOK,EXECUTIVE,146,1993,747000
2012-07,BEDOK,4 ROOM,92,1979,455000
2014-03,BEDOK,3 ROOM,59,1978,305000
2012-10,BEDOK,3 ROOM,68,1979,363000
2012-11,BEDOK,EXECUTIVE,145,1996,803000
2016-09,BEDOK,4 ROOM,85,2005,555000
2015-08,BEDOK,3 ROOM,68,1980,293000
2013-01,BEDOK,4 ROOM,85,2006,566000
2013-06,BEDOK,4 ROOM,92,1979,483000
2014-05,BEDOK,3 ROOM,60,1986,300000
2013-08,BEDOK,4 ROOM,82,1976,435000
2015-08,BEDOK,3 ROOM,67,1979,308000
2014-12,BEDOK,5 ROOM,121,1982,438000
2017-02,BEDOK,4 ROOM,84,1985,470000
2014-04,BEDOK,5 ROOM,133,1984,535000
2014-08,BEDOK,5 ROOM,121,1980,540000
2014-02,BEDOK,3 ROOM,69,2010,440000
2013-07,BEDOK,3 ROOM,59,1978,335000
2013-02,BEDOK,3 ROOM,67,1977,356000
2012-05,BEDOK,EXECUTIVE,143,1993,690000
2012-10,BEDOK,5 ROOM,125,1996,590000
2012-05,BEDOK,3 ROOM,67,1985,360000
2017-04,BEDOK,3 ROOM,59,1978,280000
2013-02,BEDOK,3 ROOM,68,1979,320800
2015-05,BEDOK,4 ROOM,84,1988,365000
2015-05,BEDOK,5 ROOM,115,2000,625000
2012-10,BEDOK,3 ROOM,67,1979,333000
2014-04,BEDOK,5 ROOM,124,1983,467000
2016-03,BEDOK,5 ROOM,117,1978,538000
2014-12,BEDOK,5 ROOM,112,2010,766000
2016-08,BEDOK,3 ROOM,68,1981,298000
2013-02,BEDOK,4 ROOM,99,1985,453000
2013-11,BEDOK,5 ROOM,119,1976,620000
2012-06,BEDOK,4 ROOM,84,1987,413500
2014-07,BEDOK,4 ROOM,92,1978,465000
2012-12,BEDOK,3 ROOM,67,1978,345000
2015-04,BEDOK,3 ROOM,67,1985,308000
2016-08,BEDOK,3 ROOM,59,1978,260000
2013-05,BEDOK,5 ROOM,123,1993,610000
2013-02,BEDOK,4 ROOM,93,1985,450000
2012-12,BEDOK,3 ROOM,65,1972,330000
2013-09,BEDOK,3 ROOM,67,1979,335000
2015-10,BEDOK,4 ROOM,90,1977,378000
2015-01,BEDOK,5 ROOM,123,1977,637000
2016-09,BEDOK,5 ROOM,119,1978,612000
2012-12,BEDOK,3 ROOM,68,1980,388000
2013-08,BEDOK,4 ROOM,103,1981,445000
2012-12,BEDOK,3 ROOM,67,1977,335000
2014-02,BEDOK,4 ROOM,98,1981,446000
2017-05,BEDOK,3 ROOM,67,1978,280000
2017-05,BEDOK,4 ROOM,97,1982,370000
2013-08,BEDOK,EXECUTIVE,143,1993,765000
2016-10,BISHAN,EXECUTIVE,144,1986,910000
2016-12,BISHAN,4 ROOM,112,1992,660000
2017-06,BISHAN,5 ROOM,121,1984,770000
2012-08,BISHAN,3 ROOM,64,1988,430000
2013-12,BISHAN,3 ROOM,68,1973,320000
2012-05,BISHAN,4 ROOM,112,1992,480000
2016-07,BISHAN,5 ROOM,121,1987,725000
2017-02,BISHAN,4 ROOM,104,1992,608000
2016-07,BISHAN,4 ROOM,104,1992,580000
2013-03,BISHAN,4 ROOM,83,1987,490000
2013-10,BISHAN,4 ROOM,84,1988,520000
2016-11,BISHAN,4 ROOM,103,1992,580000
2014-09,BISHAN,5 ROOM,133,1992,645000
2015-03,BISHAN,4 ROOM,84,1986,508000
2017-01,BISHAN,4 ROOM,84,1986,510000
2012-09,BISHAN,5 ROOM,121,1987,683000
2015-10,BISHAN,5 ROOM,121,1987,825000
2013-04,BISHAN,4 ROOM,107,1992,500000
2016-08,BISHAN,5 ROOM,121,1988,775000
2017-03,BISHAN,5 ROOM,121,1988,678000
2014-01,BISHAN,4 ROOM,105,1992,493000
2017-04,BISHAN,4 ROOM,84,1987,435000
2014-08,BISHAN,4 ROOM,85,1988,575000
2016-12,BISHAN,3 ROOM,65,1973,285000
2013-12,BISHAN,3 ROOM,65,1973,322500
2013-01,BISHAN,EXECUTIVE,144,1987,748000
2013-01,BISHAN,4 ROOM,89,1986,470001
2015-07,BISHAN,5 ROOM,121,1985,698000
2013-03,BISHAN,4 ROOM,84,1987,555888
2016-07,BISHAN,4 ROOM,105,1992,692500
2012-05,BISHAN,4 ROOM,90,1988,460000
2016-10,BISHAN,EXECUTIVE,146,1992,780000
2014-10,BUKIT BATOK,4 ROOM,84,1986,353000
2013-04,BUKIT BATOK,4 ROOM,84,1987,390000
2013-05,BUKIT BATOK,EXECUTIVE,144,1998,735000
2015-01,BUKIT BATOK,4 ROOM,105,1989,415000
2012-07,BUKIT BATOK,3 ROOM,68,1986,335000
2012-04,BUKIT BATOK,4 ROOM,84,1987,360000
2012-09,BUKIT BATOK,4 ROOM,92,2004,495000
2016-07,BUKIT BATOK,4 ROOM,91,1985,335000
2012-08,BUKIT BATOK,4 ROOM,84,1986,376000
2014-03,BUKIT BATOK,3 ROOM,69,1988,312000
2015-10,BUKIT BATOK,4 ROOM,103,1985,406000
2014-02,BUKIT BATOK,4 ROOM,104,1985,425000
2013-12,BUKIT BATOK,4 ROOM,107,1985,505000
2016-11,BUKIT BATOK,3 ROOM,60,1988,263000
2015-04,BUKIT BATOK,5 ROOM,119,1997,625000
2016-07,BUKIT BATOK,4 ROOM,103,1998,470000
2014-10,BUKIT BATOK,3 ROOM,73,1986,293000
2015-02,BUKIT BATOK,3 ROOM,67,1985,275000
2013-03,BUKIT BATOK,4 ROOM,90,2005,495000
2017-06,BUKIT BATOK,5 ROOM,121,1998,518888
2012-10,BUKIT BATOK,3 ROOM,70,1986,325000
2012-05,BUKIT BATOK,4 ROOM,104,1985,415000
2017-01,BUKIT BATOK,4 ROOM,104,1985,450000
2012-11,BUKIT BATOK,EXECUTIVE,152,1986,728000
2015-05,BUKIT BATOK,4 ROOM,89,1988,350000
2017-04,BUKIT BATOK,5 ROOM,118,2005,498000
2015-01,BUKIT BATOK,4 ROOM,104,1983,463888
2015-06,BUKIT BATOK,3 ROOM,68,1985,265000
2015-01,BUKIT BATOK,4 ROOM,105,1989,415000
2012-03,BUKIT BATOK,4 ROOM,99,1988,372000
2017-04,BUKIT BATOK,4 ROOM,103,1997,430000
2013-05,BUKIT BATOK,EXECUTIVE,144,1997,800000
2013-11,BUKIT BATOK,5 ROOM,117,1997,715000
2017-01,BUKIT BATOK,4 ROOM,103,1987,350000
2013-06,BUKIT BATOK,4 ROOM,104,1985,417888
2014-11,BUKIT BATOK,4 ROOM,103,1998,440000
2012-09,BUKIT BATOK,3 ROOM,68,1986,346000
2015-05,BUKIT BATOK,5 ROOM,121,1985,458000
2016-07,BUKIT BATOK,4 ROOM,83,1986,335000
2015-06,BUKIT BATOK,4 ROOM,94,1988,320000
2016-12,BUKIT BATOK,4 ROOM,92,1998,430000
2017-05,BUKIT BATOK,3 ROOM,82,1984,310000
2014-06,BUKIT BATOK,4 ROOM,94,1987,400000
2016-01,BUKIT BATOK,EXECUTIVE,150,1985,668000
2016-09,BUKIT BATOK,3 ROOM,67,1984,268000
2016-02,BUKIT BATOK,4 ROOM,103,1998,430000
2016-07,BUKIT BATOK,5 ROOM,115,2005,598000
2016-08,BUKIT BATOK,4 ROOM,92,2005,473888
2015-03,BUKIT BATOK,3 ROOM,73,1985,294000
2013-02,BUKIT BATOK,4 ROOM,103,1998,520000
2012-08,BUKIT BATOK,4 ROOM,84,1985,384000
2016-03,BUKIT BATOK,3 ROOM,73,1985,328000
2012-04,BUKIT BATOK,3 ROOM,73,1987,365000
2013-07,BUKIT BATOK,4 ROOM,84,1986,365000
2016-03,BUKIT BATOK,3 ROOM,67,1984,275000
2012-08,BUKIT BATOK,3 ROOM,67,1985,303000
2012-05,BUKIT BATOK,3 ROOM,73,1985,333000
2016-07,BUKIT BATOK,3 ROOM,64,1987,245000
2016-06,BUKIT BATOK,5 ROOM,139,1985,550000
2012-03,BUKIT BATOK,EXECUTIVE,165,1997,723000
2013-03,BUKIT BATOK,3 ROOM,73,1984,352000
2015-06,BUKIT BATOK,4 ROOM,116,1985,490000
2015-01,BUKIT BATOK,3 ROOM,67,1985,280000
2017-03,BUKIT BATOK,3 ROOM,69,1987,258000
2014-07,BUKIT BATOK,3 ROOM,68,1985,325000
2016-11,BUKIT BATOK,3 ROOM,60,1987,275000
2015-03,BUKIT BATOK,3 ROOM,67,1984,290000
2015-01,BUKIT BATOK,4 ROOM,90,2005,460000
2013-11,BUKIT BATOK,3 ROOM,59,1985,308000
2012-03,BUKIT BATOK,4 ROOM,92,1998,448000
2014-03,BUKIT BATOK,4 ROOM,104,1984,495288
2012-06,BUKIT MERAH,3 ROOM,64,1969,404000
2017-04,BUKIT MERAH,4 ROOM,92,1985,638000
2015-02,BUKIT MERAH,3 ROOM,88,1973,650000
2013-06,BUKIT MERAH,3 ROOM,72,1975,390000
2016-10,BUKIT MERAH,3 ROOM,67,1976,365000
2016-04,BUKIT MERAH,2 ROOM,34,1971,210000
2015-06,BUKIT MERAH,5 ROOM,136,1984,770000
2016-09,BUKIT MERAH,4 ROOM,91,1978,530000
2013-12,BUKIT MERAH,5 ROOM,117,1981,695000
2012-03,BUKIT MERAH,4 ROOM,92,1978,550000
2013-07,BUKIT MERAH,5 ROOM,126,1996,800000
2012-11,BUKIT MERAH,4 ROOM,90,2008,690000
2014-12,BUKIT MERAH,4 ROOM,90,2002,618000
2016-03,BUKIT MERAH,4 ROOM,74,1970,465000
2012-03,BUKIT MERAH,3 ROOM,76,1973,440000
2014-01,BUKIT MERAH,3 ROOM,67,1981,401000
2016-01,BUKIT MERAH,3 ROOM,88,1978,472000
2015-05,BUKIT MERAH,4 ROOM,84,1986,483000
2015-11,BUKIT MERAH,5 ROOM,117,1977,690000
2016-06,BUKIT MERAH,3 ROOM,63,1973,365000
2017-06,BUKIT MERAH,4 ROOM,100,2005,805000
2012-06,BUKIT MERAH,3 ROOM,53,1969,308000
2014-10,BUKIT MERAH,5 ROOM,120,1996,798000
2015-11,BUKIT MERAH,4 ROOM,74,1970,446888
2015-10,BUKIT MERAH,3 ROOM,88,1974,608000
2014-05,BUKIT MERAH,4 ROOM,85,2003,645000
2016-01,BUKIT MERAH,3 ROOM,76,1975,350000
2015-12,BUKIT MERAH,4 ROOM,90,2009,700000
2013-08,BUKIT MERAH,3 ROOM,88,1976,485000
2015-04,BUKIT MERAH,4 ROOM,85,2009,600000
2013-11,BUKIT MERAH,5 ROOM,110,2003,820000
2012-08,BUKIT MERAH,5 ROOM,115,2005,815000
2014-05,BUKIT MERAH,4 ROOM,100,2007,765000
2012-05,BUKIT MERAH,4 ROOM,84,1986,495000
2015-06,BUKIT MERAH,3 ROOM,60,2002,445000
2017-02,BUKIT MERAH,5 ROOM,110,2003,875000
2012-03,BUKIT MERAH,4 ROOM,103,1985,590000
2015-08,BUKIT MERAH,5 ROOM,117,1977,660000
2014-02,BUKIT MERAH,4 ROOM,90,2003,674000
2016-03,BUKIT MERAH,3 ROOM,64,1983,325000
2016-12,BUKIT MERAH,3 ROOM,53,1969,280000
2014-10,BUKIT MERAH,4 ROOM,107,1997,590000
2017-03,BUKIT MERAH,4 ROOM,89,1986,500000
2016-10,BUKIT MERAH,4 ROOM,89,2013,735000
2014-08,BUKIT MERAH,4 ROOM,100,2001,770000
2013-09,BUKIT MERAH,5 ROOM,110,2003,865000
2012-06,BUKIT MERAH,3 ROOM,65,1975,388000
2012-04,BUKIT MERAH,4 ROOM,87,2002,580000
2013-06,BUKIT MERAH,3 ROOM,65,1975,360000
2017-03,BUKIT MERAH,3 ROOM,70,1975,370000
2012-12,BUKIT MERAH,3 ROOM,73,1976,445000
2013-07,BUKIT MERAH,4 ROOM,85,2001,682000
2014-04,BUKIT MERAH,3 ROOM,73,1976,415000
2013-02,BUKIT MERAH,4 ROOM,99,1997,616000
2013-03,BUKIT MERAH,3 ROOM,88,1978,470000
2014-08,BUKIT MERAH,4 ROOM,82,1976,480000
2013-10,BUKIT MERAH,3 ROOM,65,1976,370000
2014-10,BUKIT MERAH,3 ROOM,56,1971,350000
2013-05,BUKIT MERAH,4 ROOM,82,1976,510000
2016-12,BUKIT MERAH,5 ROOM,119,1976,700000
2015-05,BUKIT MERAH,5 ROOM,110,2002,805000
2017-02,BUKIT MERAH,5 ROOM,116,2000,668000
2017-06,BUKIT MERAH,5 ROOM,110,2003,745000
2012-10,BUKIT MERAH,3 ROOM,59,1975,296000
2014-10,BUKIT MERAH,4 ROOM,91,1976,500000
2015-07,BUKIT MERAH,4 ROOM,81,1975,478000
2016-08,BUKIT MERAH,5 ROOM,122,1999,610000
2017-04,BUKIT MERAH,4 ROOM,100,2005,750000
2017-04,BUKIT MERAH,3 ROOM,73,1978,370000
2013-08,BUKIT MERAH,2 ROOM,42,1970,270000
2015-10,BUKIT MERAH,3 ROOM,63,1970,280000
2013-11,BUKIT MERAH,4 ROOM,100,2005,750000
2013-09,BUKIT MERAH,5 ROOM,117,1978,742000
2012-04,BUKIT MERAH,4 ROOM,100,2001,670000
2013-07,BUKIT MERAH,3 ROOM,63,1973,395000
2014-01,BUKIT MERAH,4 ROOM,100,2001,770000
2016-08,BUKIT MERAH,4 ROOM,107,1995,600000
2012-07,BUKIT MERAH,3 ROOM,67,1983,385000
2016-09,BUKIT MERAH,4 ROOM,104,1984,580000
2013-05,BUKIT PANJANG,4 ROOM,94,2002,435000
2014-03,BUKIT PANJANG,5 ROOM,121,1998,470000
2013-08,BUKIT PANJANG,EXECUTIVE,143,1999,655000
2014-10,BUKIT PANJANG,4 ROOM,93,2004,425000
2016-06,BUKIT PANJANG,4 ROOM,101,1997,318000
2012-07,BUKIT PANJANG,4 ROOM,95,2004,465000
2012-08,BUKIT PANJANG,3 ROOM,73,1988,345000
2017-04,BUKIT PANJANG,5 ROOM,110,2004,480000
2014-02,BUKIT PANJANG,5 ROOM,110,2002,468000
2015-06,BUKIT PANJANG,5 ROOM,110,2002,370000
2012-10,BUKIT PANJANG,5 ROOM,122,1988,491888
2015-03,BUKIT PANJANG,4 ROOM,104,1988,368000
2012-05,BUKIT PANJANG,4 ROOM,90,2002,403000
2017-05,BUKIT PANJANG,5 ROOM,121,1998,472000
2014-12,BUKIT PANJANG,4 ROOM,84,1988,310000
2013-01,BUKIT PANJANG,4 ROOM,90,2004,530000
2014-08,BUKIT PANJANG,5 ROOM,121,1999,540000
2015-06,BUKIT PANJANG,4 ROOM,93,2004,435000
2016-03,BUKIT PANJANG,EXECUTIVE,130,2001,600000
2014-08,BUKIT PANJANG,4 ROOM,101,1997,377500
2017-05,BUKIT PANJANG,4 ROOM,90,2003,500000
2013-12,BUKIT PANJANG,EXECUTIVE,146,1989,598000
2015-11,BUKIT PANJANG,4 ROOM,103,1988,320000
2012-06,BUKIT PANJANG,4 ROOM,103,1998,413000
2015-08,BUKIT PANJANG,4 ROOM,90,2002,390000
2013-04,BUKIT PANJANG,EXECUTIVE,125,2002,528000
2014-11,BUKIT PANJANG,EXECUTIVE,130,2002,733888
2017-01,BUKIT PANJANG,4 ROOM,101,1999,330000
2016-08,BUKIT PANJANG,EXECUTIVE,130,2001,580000
2017-06,BUKIT PANJANG,3 ROOM,73,1988,282000
2013-12,BUKIT PANJANG,4 ROOM,103,1998,400000
2012-11,BUKIT PANJANG,EXECUTIVE,142,1988,582000
2016-10,BUKIT PANJANG,4 ROOM,90,2003,320000
2015-10,BUKIT PANJANG,4 ROOM,103,1989,350000
2016-06,BUKIT PANJANG,4 ROOM,90,2002,334000
2013-05,BUKIT PANJANG,EXECUTIVE,144,1998,643000
2016-12,BUKIT PANJANG,5 ROOM,120,1997,429000
2013-07,BUKIT PANJANG,5 ROOM,110,2002,511000
2016-03,BUKIT PANJANG,3 ROOM,68,2012,310000
2015-03,BUKIT PANJANG,4 ROOM,91,2001,360000
2016-07,BUKIT PANJANG,4 ROOM,90,2002,376000
2013-07,BUKIT PANJANG,4 ROOM,103,1998,416000
2016-03,BUKIT PANJANG,EXECUTIVE,143,1999,678000
2012-05,BUKIT PANJANG,5 ROOM,110,2001,505000
2016-05,BUKIT PANJANG,5 ROOM,110,2002,470000
2015-01,BUKIT PANJANG,5 ROOM,120,1999,605999
2015-01,BUKIT PANJANG,5 ROOM,111,2002,492000
2012-03,BUKIT PANJANG,5 ROOM,110,2002,445000
2012-05,BUKIT PANJANG,5 ROOM,110,2004,543000
2016-12,BUKIT PANJANG,3 ROOM,73,1989,290000
2016-11,BUKIT PANJANG,4 ROOM,104,1988,330000
2015-09,BUKIT PANJANG,3 ROOM,64,1988,280000
2015-07,BUKIT PANJANG,4 ROOM,103,1988,365000
2012-10,BUKIT PANJANG,5 ROOM,111,2003,470000
2014-05,BUKIT PANJANG,4 ROOM,102,1998,515000
2016-08,BUKIT PANJANG,3 ROOM,73,1987,295000
2015-12,BUKIT PANJANG,5 ROOM,132,1988,470000
2016-10,BUKIT PANJANG,EXECUTIVE,142,1999,660000
2014-06,BUKIT PANJANG,4 ROOM,100,1998,524888
2012-06,BUKIT PANJANG,4 ROOM,91,2003,420000
2017-06,BUKIT PANJANG,4 ROOM,104,1988,340000
2012-05,BUKIT PANJANG,EXECUTIVE,132,2001,638000
2016-08,BUKIT PANJANG,4 ROOM,103,1999,317000
2015-02,BUKIT PANJANG,4 ROOM,91,2002,370000
2013-10,BUKIT PANJANG,EXECUTIVE,133,2002,520000
2013-04,BUKIT PANJANG,4 ROOM,84,1988,390000
2014-12,BUKIT PANJANG,5 ROOM,122,1988,425000
2017-04,BUKIT PANJANG,3 ROOM,73,1988,303800
2013-11,BUKIT PANJANG,4 ROOM,103,1988,422000
2015-12,BUKIT PANJANG,EXECUTIVE,146,1988,533000
2013-01,BUKIT PANJANG,5 ROOM,124,1998,519000
2015-05,BUKIT PANJANG,4 ROOM,90,2002,355000
2012-07,BUKIT PANJANG,5 ROOM,122,1988,470000
2016-07,BUKIT PANJANG,4 ROOM,101,1997,458000
2012-06,BUKIT PANJANG,4 ROOM,91,2003,536800
2016-11,BUKIT PANJANG,4 ROOM,90,2002,340000
2014-04,BUKIT PANJANG,4 ROOM,99,1999,542000
2013-12,BUKIT TIMAH,3 ROOM,73,1974,463000
2013-06,BUKIT TIMAH,5 ROOM,128,1988,820000
2016-11,BUKIT TIMAH,4 ROOM,104,1988,700000
2013-12,BUKIT TIMAH,3 ROOM,64,1989,430000
2012-04,BUKIT TIMAH,5 ROOM,122,1989,680000
2012-03,BUKIT TIMAH,5 ROOM,122,1989,750000
2017-04,CENTRAL AREA,3 ROOM,75,1984,375000
2016-08,CENTRAL AREA,4 ROOM,85,2003,506888
2013-08,CENTRAL AREA,3 ROOM,68,1978,550000
2014-07,CENTRAL AREA,2 ROOM,54,1982,279000
2014-10,CENTRAL AREA,3 ROOM,70,1977,525000
2015-02,CENTRAL AREA,5 ROOM,107,2011,991000
2015-11,CENTRAL AREA,4 ROOM,96,2011,850000
2012-06,CENTRAL AREA,3 ROOM,67,1984,485000
2016-03,CENTRAL AREA,3 ROOM,70,1984,510000
2015-06,CENTRAL AREA,4 ROOM,95,2011,885000
2012-12,CENTRAL AREA,3 ROOM,60,1980,485000
2016-12,CENTRAL AREA,3 ROOM,59,1977,410000
2016-08,CENTRAL AREA,4 ROOM,95,2011,900000
2014-03,CENTRAL AREA,4 ROOM,85,1984,620018
2015-08,CENTRAL AREA,4 ROOM,93,2011,810000
2012-09,CHOA CHU KANG,4 ROOM,104,1989,400000
2012-08,CHOA CHU KANG,4 ROOM,90,2003,430000
2015-12,CHOA CHU KANG,4 ROOM,104,1993,300000
2017-01,CHOA CHU KANG,4 ROOM,104,1999,370000
2015-11,CHOA CHU KANG,5 ROOM,120,1999,390000
2016-05,CHOA CHU KANG,4 ROOM,91,1981,318000
2015-03,CHOA CHU KANG,EXECUTIVE,146,1996,580000
2012-03,CHOA CHU KANG,5 ROOM,121,1997,485000
2013-01,CHOA CHU KANG,EXECUTIVE,146,1989,635000
2012-03,CHOA CHU KANG,4 ROOM,85,2002,385000
2015-09,CHOA CHU KANG,5 ROOM,111,2002,360000
2015-01,CHOA CHU KANG,5 ROOM,123,1996,423000
2016-09,CHOA CHU KANG,5 ROOM,126,1996,477000
2015-04,CHOA CHU KANG,4 ROOM,104,1993,370000
2016-10,CHOA CHU KANG,4 ROOM,92,1978,320000
2014-07,CHOA CHU KANG,4 ROOM,109,1995,380000
2017-06,CHOA CHU KANG,3 ROOM,73,1989,280000
2016-07,CHOA CHU KANG,5 ROOM,110,2002,410000
2012-12,CHOA CHU KANG,4 ROOM,105,1993,490000
2016-08,CHOA CHU KANG,5 ROOM,110,2002,338000
2013-03,CHOA CHU KANG,3 ROOM,68,1981,330000
2014-02,CHOA CHU KANG,4 ROOM,109,1996,460000
2015-07,CHOA CHU KANG,5 ROOM,116,1999,358888
2014-12,CHOA CHU KANG,4 ROOM,104,1989,360000
2016-07,CHOA CHU KANG,4 ROOM,104,1989,335000
2014-06,CHOA CHU KANG,3 ROOM,73,1989,325000
2012-06,CHOA CHU KANG,4 ROOM,106,1995,413000
2012-12,CHOA CHU KANG,5 ROOM,120,1999,520000
2012-05,CHOA CHU KANG,5 ROOM,126,1999,493000
2016-11,CHOA CHU KANG,4 ROOM,104,1989,345000
2014-05,CHOA CHU KANG,4 ROOM,101,1999,420000
2017-03,CHOA CHU KANG,5 ROOM,125,1999,450000
2016-11,CHOA CHU KANG,EXECUTIVE,152,1995,608000
2015-01,CHOA CHU KANG,4 ROOM,104,1992,380000
2012-03,CHOA CHU KANG,5 ROOM,117,1999,450000
2016-03,CHOA CHU KANG,4 ROOM,104,1995,330000
2015-02,CHOA CHU KANG,4 ROOM,90,2002,363000
2016-01,CHOA CHU KANG,5 ROOM,110,2002,395000
2015-07,CHOA CHU KANG,5 ROOM,128,1995,425000
2016-08,CHOA CHU KANG,5 ROOM,110,2003,385000
2012-06,CHOA CHU KANG,5 ROOM,127,1996,505000
2016-11,CHOA CHU KANG,5 ROOM,123,2000,370000
2017-02,CHOA CHU KANG,4 ROOM,102,1996,318000
2017-06,CHOA CHU KANG,5 ROOM,123,2000,460000
2012-07,CHOA CHU KANG,5 ROOM,124,1995,489000
2016-06,CHOA CHU KANG,4 ROOM,104,1993,343000
2017-06,CHOA CHU KANG,4 ROOM,85,2002,333800
2014-06,CHOA CHU KANG,5 ROOM,133,1993,475000
2012-08,CHOA CHU KANG,5 ROOM,122,1999,500000
2015-03,CHOA CHU KANG,5 ROOM,125,1999,400000
2016-11,CHOA CHU KANG,5 ROOM,123,1994,370000
2014-12,CHOA CHU KANG,5 ROOM,125,1993,420000
2015-01,CHOA CHU KANG,4 ROOM,108,1996,375000
2014-07,CHOA CHU KANG,EXECUTIVE,142,1993,666000
2016-12,CHOA CHU KANG,5 ROOM,110,2003,380000
2015-09,CHOA CHU KANG,4 ROOM,100,1997,350000
2015-01,CHOA CHU KANG,4 ROOM,92,1979,320000
2015-07,CHOA CHU KANG,EXECUTIVE,145,1995,562000
2013-05,CHOA CHU KANG,4 ROOM,106,1989,405000
2013-11,CHOA CHU KANG,4 ROOM,101,1999,390000
2013-03,CHOA CHU KANG,5 ROOM,128,1996,540000
2016-08,CHOA CHU KANG,4 ROOM,105,1993,355000
2012-12,CHOA CHU KANG,5 ROOM,125,1993,460000
2016-01,CHOA CHU KANG,4 ROOM,104,1993,336000
2015-11,CHOA CHU KANG,4 ROOM,105,1999,355000
2014-07,CHOA CHU KANG,EXECUTIVE,146,1989,580000
2012-08,CHOA CHU KANG,4 ROOM,91,1997,387000
2016-04,CHOA CHU KANG,4 ROOM,104,2000,360000
2012-06,CHOA CHU KANG,5 ROOM,124,1999,506000
2013-11,CHOA CHU KANG,5 ROOM,121,1998,503000
2015-11,CHOA CHU KANG,5 ROOM,110,2003,377000
2015-01,CHOA CHU KANG,4 ROOM,101,1999,365000
2014-09,CHOA CHU KANG,4 ROOM,104,1989,395000
2012-08,CHOA CHU KANG,4 ROOM,104,1993,418000
2012-05,CHOA CHU KANG,4 ROOM,103,1990,422088
2013-04,CHOA CHU KANG,4 ROOM,104,1993,430000
2015-12,CHOA CHU KANG,4 ROOM,104,1990,365000
2016-09,CHOA CHU KANG,4 ROOM,113,1998,453000
2015-12,CHOA CHU KANG,4 ROOM,100,1998,362000
2014-06,CHOA CHU KANG,4 ROOM,104,1992,380000
2016-11,CHOA CHU KANG,4 ROOM,109,1995,345000
2013-09,CHOA CHU KANG,5 ROOM,122,1989,498000
2013-09,CHOA CHU KANG,EXECUTIVE,147,1996,606000
2016-07,CHOA CHU KANG,4 ROOM,90,2002,345000
2015-11,CHOA CHU KANG,4 ROOM,103,1999,375000
2015-07,CLEMENTI,5 ROOM,123,1979,675000
2017-02,CLEMENTI,3 ROOM,67,1979,310000
2015-12,CLEMENTI,EXECUTIVE,161,1985,888888
2012-03,CLEMENTI,4 ROOM,104,1984,520000
2017-06,CLEMENTI,4 ROOM,90,2002,695000
2015-11,CLEMENTI,4 ROOM,92,1978,540000
2015-05,CLEMENTI,5 ROOM,121,1984,668000
2016-02,CLEMENTI,3 ROOM,67,1978,285000
2016-11,CLEMENTI,5 ROOM,119,1979,628000
2013-04,CLEMENTI,3 ROOM,67,1979,448800
2012-04,CLEMENTI,3 ROOM,67,1979,375000
2012-03,CLEMENTI,3 ROOM,68,1980,319000
2016-11,CLEMENTI,3 ROOM,67,1979,287000
2016-12,CLEMENTI,3 ROOM,82,1978,453888
2015-11,CLEMENTI,3 ROOM,68,1980,283000
2016-09,CLEMENTI,4 ROOM,91,1979,570000
2016-09,CLEMENTI,5 ROOM,113,2013,900000
2015-05,CLEMENTI,3 ROOM,74,1983,330000
2014-03,CLEMENTI,3 ROOM,68,1980,402000
2016-03,CLEMENTI,3 ROOM,61,2003,398000
2013-06,CLEMENTI,5 ROOM,110,2002,838000
2016-11,CLEMENTI,5 ROOM,113,2013,880000
2012-04,CLEMENTI,3 ROOM,67,1980,400000
2015-08,CLEMENTI,4 ROOM,97,1978,500000
2012-07,CLEMENTI,3 ROOM,67,1979,373000
2015-03,CLEMENTI,4 ROOM,90,1978,520000
2015-03,CLEMENTI,4 ROOM,86,2002,565000
2015-06,CLEMENTI,3 ROOM,67,1979,352888
2013-05,CLEMENTI,3 ROOM,67,1980,335000
2012-05,CLEMENTI,3 ROOM,68,1980,318000
2012-09,CLEMENTI,3 ROOM,82,1978,486000
2014-07,CLEMENTI,4 ROOM,91,1978,460000
2012-06,CLEMENTI,4 ROOM,83,1978,453000
2012-10,CLEMENTI,3 ROOM,67,1979,412000
2014-12,CLEMENTI,5 ROOM,123,1979,678000
2014-06,CLEMENTI,3 ROOM,67,1979,415000
2014-09,CLEMENTI,4 ROOM,92,1986,438000
2014-04,CLEMENTI,3 ROOM,67,1979,355000
2013-08,CLEMENTI,4 ROOM,92,1979,495000
2012-05,CLEMENTI,4 ROOM,92,1979,522000
2017-05,CLEMENTI,3 ROOM,67,1979,345000
2012-03,CLEMENTI,4 ROOM,92,1979,476800
2015-04,CLEMENTI,3 ROOM,67,1979,340000
2012-09,CLEMENTI,3 ROOM,68,1980,410000
2013-01,CLEMENTI,3 ROOM,67,1980,362000
2013-02,CLEMENTI,5 ROOM,121,1984,675000
2012-07,CLEMENTI,4 ROOM,104,1984,625000
2016-10,CLEMENTI,3 ROOM,67,1978,415000
2012-07,CLEMENTI,3 ROOM,67,1978,396000
2014-10,CLEMENTI,4 ROOM,105,1983,480000
2012-08,CLEMENTI,3 ROOM,67,1978,420000
2014-11,CLEMENTI,3 ROOM,67,1979,330000
2015-12,CLEMENTI,3 ROOM,82,1979,400000
2012-08,CLEMENTI,4 ROOM,91,1981,465000
2013-04,CLEMENTI,3 ROOM,67,1985,360000
2013-10,CLEMENTI,3 ROOM,67,1979,356000
2016-04,CLEMENTI,3 ROOM,74,1983,340000
2015-11,CLEMENTI,5 ROOM,121,1984,710000
2012-07,CLEMENTI,3 ROOM,67,1978,352000
2013-04,CLEMENTI,4 ROOM,90,2006,703000
2014-11,CLEMENTI,3 ROOM,67,1978,385000
2013-01,GEYLANG,4 ROOM,92,1976,543000
2012-12,GEYLANG,4 ROOM,84,1986,410000
2013-12,GEYLANG,4 ROOM,100,1980,510000
2012-03,GEYLANG,3 ROOM,60.3,1967,295000
2016-07,GEYLANG,4 ROOM,92,1976,580000
2015-07,GEYLANG,4 ROOM,91,1978,523000
2014-08,GEYLANG,5 ROOM,110,2000,840000
2015-08,GEYLANG,3 ROOM,63.1,1971,275000
2015-10,GEYLANG,4 ROOM,93,2011,630000
2015-07,GEYLANG,3 ROOM,56,1967,250000
2012-10,GEYLANG,4 ROOM,104,1986,435000
2014-04,GEYLANG,3 ROOM,75,1982,318000
2014-06,GEYLANG,4 ROOM,91,1980,430000
2013-12,GEYLANG,3 ROOM,68,1981,378888
2013-06,GEYLANG,3 ROOM,58,1972,270000
2016-03,GEYLANG,3 ROOM,59,1977,290000
2015-10,GEYLANG,3 ROOM,61,1969,258000
2014-06,GEYLANG,4 ROOM,91,1980,398000
2016-06,GEYLANG,4 ROOM,91,1980,380000
2012-04,GEYLANG,3 ROOM,59,1977,301000
2015-01,GEYLANG,4 ROOM,102,1998,678000
2016-06,GEYLANG,3 ROOM,66,1982,298000
2012-07,GEYLANG,4 ROOM,91,1980,380000
2015-01,GEYLANG,3 ROOM,77,1983,340000
2015-06,GEYLANG,3 ROOM,64,1985,305000
2014-01,GEYLANG,3 ROOM,64,1985,335000
2013-04,GEYLANG,5 ROOM,113,2000,798000
2015-10,GEYLANG,3 ROOM,58,1972,255000
2015-08,GEYLANG,3 ROOM,61,1969,278000
2012-11,GEYLANG,3 ROOM,69,1986,385000
2012-10,GEYLANG,2 ROOM,46,1973,263000
2012-05,GEYLANG,5 ROOM,110,2006,748000
2013-06,GEYLANG,3 ROOM,55,1967,285000
2013-08,GEYLANG,4 ROOM,104,1985,440000
2017-06,GEYLANG,3 ROOM,65,1975,308000
2017-06,GEYLANG,2 ROOM,42,1969,215000
2012-03,GEYLANG,3 ROOM,60,1969,320000
2015-10,GEYLANG,4 ROOM,85,2005,565000
2015-10,GEYLANG,5 ROOM,142,1984,730000
2016-02,GEYLANG,4 ROOM,84,1985,386800
2014-07,GEYLANG,5 ROOM,117,1977,555000
2016-06,GEYLANG,4 ROOM,102,1998,665000
2012-12,GEYLANG,3 ROOM,59,1977,328000
2014-02,GEYLANG,3 ROOM,60,1967,288000
2016-01,GEYLANG,5 ROOM,122,1996,630000
2012-07,GEYLANG,4 ROOM,84,1985,422000
2014-10,GEYLANG,3 ROOM,75,1982,319000
2017-02,GEYLANG,4 ROOM,92,1976,480000
2014-03,HOUGANG,4 ROOM,104,1987,448000
2017-04,HOUGANG,3 ROOM,64,1986,280000
2016-01,HOUGANG,5 ROOM,121,1987,500000
2013-04,HOUGANG,4 ROOM,91,1985,440000
2012-05,HOUGANG,4 ROOM,104,1987,427000
2015-12,HOUGANG,3 ROOM,64,1989,291000
2014-09,HOUGANG,3 ROOM,74,1983,318888
2012-05,HOUGANG,EXECUTIVE,139,1997,610000
2016-11,HOUGANG,3 ROOM,67,1984,265000
2012-08,HOUGANG,5 ROOM,117,1997,710000
2012-12,HOUGANG,3 ROOM,67,1985,345000
2015-09,HOUGANG,4 ROOM,91,1986,365000
2012-08,HOUGANG,4 ROOM,84,1987,419000
2012-07,HOUGANG,4 ROOM,90,1998,417000
2015-04,HOUGANG,4 ROOM,85,2004,365000
2016-05,HOUGANG,4 ROOM,101,1998,380000
2015-10,HOUGANG,EXECUTIVE,148,1987,625000
2017-05,HOUGANG,4 ROOM,93,1985,342000
2015-02,HOUGANG,4 ROOM,105,1990,446000
2013-01,HOUGANG,4 ROOM,84,1987,430000
2014-10,HOUGANG,5 ROOM,121,1987,498000
2012-10,HOUGANG,5 ROOM,130,1987,556000
2015-06,HOUGANG,EXECUTIVE,149,1984,608000
2014-07,HOUGANG,4 ROOM,111,1985,430000
2015-04,HOUGANG,EXECUTIVE,141,2000,756000
2013-06,HOUGANG,EXECUTIVE,148,1992,670000
2012-07,HOUGANG,4 ROOM,104,1992,460000
2015-01,HOUGANG,EXECUTIVE,148,1991,630000
2014-07,HOUGANG,4 ROOM,92,1985,350000
2013-05,HOUGANG,5 ROOM,121,1999,555000
2016-04,HOUGANG,5 ROOM,116,1999,495000
2013-02,HOUGANG,4 ROOM,103,1990,470000
2017-01,HOUGANG,5 ROOM,122,1998,455000
2016-08,HOUGANG,4 ROOM,84,1986,367500
2013-09,HOUGANG,5 ROOM,142,1984,686000
2012-03,HOUGANG,EXECUTIVE,149,1990,680000
2016-05,HOUGANG,4 ROOM,98,1997,425000
2016-08,HOUGANG,4 ROOM,106,1992,475000
2016-08,HOUGANG,4 ROOM,84,1987,350000
2014-07,HOUGANG,4 ROOM,95,1984,413000
2013-02,HOUGANG,4 ROOM,103,1992,480000
2014-05,HOUGANG,EXECUTIVE,153,1986,750000
2017-01,HOUGANG,5 ROOM,120,1998,420000
2012-04,HOUGANG,3 ROOM,67,1981,362000
2016-08,HOUGANG,4 ROOM,101,1998,390000
2015-01,HOUGANG,4 ROOM,106,1992,445000
2017-01,HOUGANG,4 ROOM,108,1984,438000
2012-10,HOUGANG,4 ROOM,84,1988,405000
2015-01,HOUGANG,3 ROOM,74,1983,315000
2012-11,HOUGANG,EXECUTIVE,146,1991,666888
2014-10,HOUGANG,4 ROOM,103,1983,405000
2015-03,HOUGANG,3 ROOM,69,1985,300000
2012-05,HOUGANG,4 ROOM,96,1985,385000
2014-05,HOUGANG,4 ROOM,103,1986,433000
2015-10,HOUGANG,EXECUTIVE,152,1986,635500
2016-05,HOUGANG,2 ROOM,47,2012,268000
2016-12,HOUGANG,5 ROOM,110,2003,438000
2016-11,HOUGANG,4 ROOM,82,1975,310000
2017-05,HOUGANG,4 ROOM,91,1985,380000
2015-11,HOUGANG,4 ROOM,93,1983,380000
2016-09,HOUGANG,EXECUTIVE,148,1992,838800
2016-06,HOUGANG,4 ROOM,85,2003,365000
2012-10,HOUGANG,4 ROOM,100,1997,535000
2016-07,HOUGANG,5 ROOM,110,2003,433000
2012-07,HOUGANG,5 ROOM,121,1997,505000
2012-03,HOUGANG,3 ROOM,66,1982,320000
2014-03,HOUGANG,5 ROOM,120,1998,508000
2012-12,HOUGANG,3 ROOM,67,1983,340000
2014-10,HOUGANG,4 ROOM,100,1998,423000
2013-08,HOUGANG,3 ROOM,60,1985,352000
2014-04,HOUGANG,4 ROOM,90,1999,410000
2016-05,HOUGANG,4 ROOM,91,1986,326000
2013-06,HOUGANG,4 ROOM,106,1992,585000
2015-09,HOUGANG,3 ROOM,60,1987,280000
2015-06,HOUGANG,4 ROOM,90,1998,350000
2016-11,HOUGANG,5 ROOM,120,1987,420000
2016-08,HOUGANG,4 ROOM,103,1997,393888
2015-05,HOUGANG,3 ROOM,67,1983,308000
2015-03,HOUGANG,4 ROOM,98,1997,425000
2015-02,HOUGANG,3 ROOM,64,1986,325000
2016-10,HOUGANG,5 ROOM,120,1999,470000
2015-05,HOUGANG,EXECUTIVE,142,1998,625000
2012-10,HOUGANG,3 ROOM,67,1984,340000
2012-06,HOUGANG,3 ROOM,67,1986,335000
2016-01,HOUGANG,3 ROOM,64,1986,270000
2016-11,HOUGANG,EXECUTIVE,148,1992,678000
2013-07,HOUGANG,3 ROOM,67,1983,358000
2012-11,HOUGANG,4 ROOM,93,1985,455000
2016-04,HOUGANG,4 ROOM,89,1987,364000
2015-04,JURONG EAST,4 ROOM,95,1982,385000
2013-03,JURONG EAST,5 ROOM,120,1998,655000
2016-11,JURONG EAST,EXECUTIVE,147,1985,680000
2015-06,JURONG EAST,4 ROOM,92,1984,460000
2016-10,JURONG EAST,4 ROOM,102,1998,465000
2016-11,JURONG EAST,3 ROOM,72,2013,350000
2013-03,JURONG EAST,5 ROOM,131,1985,515000
2014-11,JURONG EAST,5 ROOM,135,1984,555000
2013-06,JURONG EAST,3 ROOM,67,1981,360000
2013-11,JURONG EAST,3 ROOM,73,1979,302000
2012-06,JURONG EAST,5 ROOM,121,1983,520000
2015-11,JURONG EAST,4 ROOM,91,1998,430000
2015-01,JURONG EAST,3 ROOM,67,1983,280000
2017-03,JURONG EAST,4 ROOM,99,1981,380000
2017-05,JURONG EAST,3 ROOM,83,1989,385000
2014-01,JURONG EAST,3 ROOM,77,1977,295000
2015-05,JURONG EAST,5 ROOM,120,1998,590000
2013-05,JURONG EAST,EXECUTIVE,149,1985,640000
2013-06,JURONG EAST,3 ROOM,74,1986,350000
2014-08,JURONG EAST,4 ROOM,83,1987,315000
2012-12,JURONG EAST,4 ROOM,105,1984,453000
2017-04,JURONG EAST,3 ROOM,74,1983,300000
2016-01,JURONG EAST,3 ROOM,82,1983,338000
2014-10,JURONG EAST,4 ROOM,90,1998,470000
2015-04,JURONG EAST,3 ROOM,70,1983,295000
2016-09,JURONG EAST,4 ROOM,95,1983,431000
2013-06,JURONG EAST,EXECUTIVE,143,1998,757000
2014-12,JURONG EAST,3 ROOM,67,1983,288000
2012-03,JURONG EAST,5 ROOM,135,1984,570000
2014-05,JURONG EAST,5 ROOM,120,1981,635000
2012-05,JURONG EAST,3 ROOM,67,1984,330000
2017-05,JURONG EAST,3 ROOM,74,1983,320000
2013-12,JURONG EAST,3 ROOM,67,1983,340000
2017-01,JURONG EAST,4 ROOM,91,2003,362000
2015-07,JURONG EAST,EXECUTIVE,149,1985,605000
2016-06,JURONG EAST,3 ROOM,70,1983,315000
2016-07,JURONG EAST,4 ROOM,102,1999,460000
2016-04,JURONG EAST,3 ROOM,68,1983,296000
2016-05,JURONG EAST,3 ROOM,68,1983,338000
2017-06,JURONG EAST,4 ROOM,104,1983,410000
2012-11,JURONG EAST,3 ROOM,67,1981,340000
2014-05,JURONG EAST,3 ROOM,68,1985,300000
2017-05,JURONG EAST,5 ROOM,135,1984,460000
2016-04,JURONG EAST,3 ROOM,68,1983,335000
2013-09,JURONG EAST,4 ROOM,93,1983,418000
2016-05,,EXECUTIVE,141,1989,422000
2013-10,,3 ROOM,74,1984,375000
2014-04,,5 ROOM,110,2001,510000
2016-09,,5 ROOM,110,2008,438000
2012-04,,4 ROOM,103,1985,425000
2016-05,,3 ROOM,73,1984,306000
2013-07,,EXECUTIVE,130,2001,592000
2013-03,,5 ROOM,127,1988,452000
2014-05,,4 ROOM,94,2008,410000
2015-05,,5 ROOM,110,2001,448000
2012-07,,EXECUTIVE,156,1985,585000
2016-12,,3 ROOM,59,1975,230000
2015-06,,EXECUTIVE,125,2002,510000
2015-07,,3 ROOM,74,1984,320000
2013-01,,5 ROOM,121,1990,449000
2017-05,,EXECUTIVE,130,2000,566000
2012-07,,4 ROOM,91,2002,410000
2012-07,,3 ROOM,59,1978,287000
2013-08,,5 ROOM,110,2008,560000
2015-06,,4 ROOM,91,2000,400000
2012-04,,3 ROOM,66,1974,309000
2016-01,,5 ROOM,110,2001,468000
2016-06,,5 ROOM,109,1979,410000
2015-10,JURONG WEST,5 ROOM,110,2001,485888
2016-10,JURONG WEST,4 ROOM,104,1990,370000
2012-03,JURONG WEST,3 ROOM,73,1988,334000
2015-02,JURONG WEST,4 ROOM,104,1990,351000
2012-10,JURONG WEST,EXECUTIVE,133,2002,580000
2017-03,JURONG WEST,3 ROOM,65,1976,260000
2014-05,JURONG WEST,3 ROOM,67,1985,330000
2013-01,JURONG WEST,3 ROOM,74,1976,348000
2016-09,JURONG WEST,5 ROOM,110,2008,460000
2015-10,JURONG WEST,4 ROOM,109,1985,320000
2016-10,JURONG WEST,4 ROOM,93,2006,434000
2013-12,JURONG WEST,3 ROOM,75,1984,320000
2012-11,JURONG WEST,EXECUTIVE,130,2001,610000
2016-05,JURONG WEST,4 ROOM,91,2000,438000
2012-12,JURONG WEST,3 ROOM,73,1988,340000
2015-05,JURONG WEST,3 ROOM,64,1986,270000
2016-04,JURONG WEST,5 ROOM,122,1998,480000
2016-04,JURONG WEST,4 ROOM,91,2000,430000
2015-01,JURONG WEST,4 ROOM,106,1993,365000
2014-11,JURONG WEST,5 ROOM,123,1998,565000
2016-06,JURONG WEST,3 ROOM,67,1983,308000
2014-08,JURONG WEST,5 ROOM,110,2000,490000
2015-05,JURONG WEST,4 ROOM,91,2001,390000
2012-05,JURONG WEST,4 ROOM,102,1997,485500
2012-11,JURONG WEST,EXECUTIVE,130,2000,622000
2014-08,JURONG WEST,EXECUTIVE,139,1997,618800
2012-10,JURONG WEST,3 ROOM,65,1977,335000
2014-09,JURONG WEST,5 ROOM,128,1996,485000
2017-04,JURONG WEST,3 ROOM,59,1978,240000
2016-04,JURONG WEST,EXECUTIVE,147,1993,510000
2012-03,JURONG WEST,5 ROOM,122,1997,498000
2016-08,JURONG WEST,5 ROOM,115,2001,505000
2017-03,JURONG WEST,5 ROOM,133,1985,477500
2012-07,JURONG WEST,EXECUTIVE,146,1993,535000
2017-04,JURONG WEST,4 ROOM,104,1989,320000
2013-01,JURONG WEST,5 ROOM,113,2003,502000
2017-05,JURONG WEST,5 ROOM,145,1984,480000
2013-02,JURONG WEST,4 ROOM,91,2000,481000
2012-07,JURONG WEST,5 ROOM,110,2001,500000
2013-04,JURONG WEST,EXECUTIVE,146,1989,580000
2015-07,JURONG WEST,4 ROOM,104,1990,330000
2013-10,JURONG WEST,3 ROOM,59,1975,286000
2012-08,JURONG WEST,4 ROOM,104,1985,390000
2016-02,JURONG WEST,4 ROOM,86,2002,350000
2012-04,JURONG WEST,4 ROOM,85,2000,408000
2012-12,JURONG WEST,3 ROOM,74,1986,340000
2014-01,JURONG WEST,5 ROOM,121,1997,503000
2014-05,JURONG WEST,4 ROOM,103,1997,406500
2012-06,JURONG WEST,3 ROOM,74,1984,402000
2017-02,JURONG WEST,4 ROOM,90,2002,355000
2014-02,JURONG WEST,5 ROOM,110,2008,495000
2013-09,JURONG WEST,5 ROOM,134,1985,505000
2015-03,JURONG WEST,5 ROOM,110,2008,475000
2014-08,JURONG WEST,4 ROOM,108,1988,360000
2013-07,JURONG WEST,4 ROOM,90,2002,403000
2015-12,JURONG WEST,5 ROOM,110,2002,465000
2016-11,JURONG WEST,5 ROOM,110,2002,462000
2013-04,JURONG WEST,3 ROOM,64,1986,305000
2015-04,JURONG WEST,4 ROOM,94,2003,336000
2012-09,JURONG WEST,5 ROOM,110,2001,550000
2013-03,JURONG WEST,3 ROOM,66,1974,305000
2016-12,JURONG WEST,3 ROOM,61,1974,233000
2013-09,JURONG WEST,5 ROOM,126,1993,490000
2015-07,JURONG WEST,4 ROOM,94,2010,440000
2014-09,JURONG WEST,5 ROOM,115,2000,600000
2014-07,JURONG WEST,3 ROOM,65,1976,300000
2015-05,JURONG WEST,5 ROOM,110,2002,470000
2017-05,JURONG WEST,5 ROOM,120,1998,488000
2013-03,JURONG WEST,5 ROOM,139,1985,515000
2014-09,JURONG WEST,4 ROOM,91,2000,450000
2012-07,JURONG WEST,4 ROOM,109,1995,442000
2012-06,JURONG WEST,3 ROOM,67,1985,330000
2013-07,JURONG WEST,3 ROOM,73,1989,342000
2016-06,JURONG WEST,4 ROOM,94,2000,479988
2012-09,JURONG WEST,4 ROOM,91,2001,435000
2014-11,JURONG WEST,5 ROOM,111,2001,360000
2013-02,JURONG WEST,4 ROOM,104,1989,415000
2014-03,JURONG WEST,5 ROOM,135,1985,440000
2013-10,JURONG WEST,5 ROOM,120,1998,520000
2016-06,JURONG WEST,4 ROOM,107,1993,342000
2013-09,JURONG WEST,4 ROOM,106,1998,500000
2017-05,JURONG WEST,4 ROOM,93,2006,428000
2013-03,JURONG WEST,4 ROOM,103,1985,423000
2014-06,JURONG WEST,4 ROOM,103,1985,405000
2015-11,JURONG WEST,4 ROOM,104,1988,340000
2016-02,JURONG WEST,5 ROOM,110,2008,488000
2013-10,JURONG WEST,5 ROOM,121,1989,435000
2014-12,JURONG WEST,4 ROOM,90,2001,365000
2015-01,JURONG WEST,5 ROOM,110,2000,460000
2013-08,JURONG WEST,5 ROOM,123,1997,497000
2016-09,JURONG WEST,4 ROOM,103,1985,395000
2016-09,JURONG WEST,5 ROOM,122,1988,405000
2013-07,JURONG WEST,5 ROOM,110,2000,558000
2016-09,JURONG WEST,EXECUTIVE,135,2000,586000
2016-04,JURONG WEST,EXECUTIVE,146,1993,495000
2012-08,JURONG WEST,EXECUTIVE,145,1993,565000
2013-08,JURONG WEST,3 ROOM,67,1971,325000
2012-05,JURONG WEST,3 ROOM,67,1985,325000
2015-10,JURONG WEST,5 ROOM,110,2001,458000
2014-08,JURONG WEST,5 ROOM,135,1985,415000
2016-03,JURONG WEST,4 ROOM,106,1998,470000
2015-06,JURONG WEST,3 ROOM,76,1984,302000
2013-05,JURONG WEST,5 ROOM,110,2002,465000
2014-10,JURONG WEST,4 ROOM,109,1993,366000
2013-08,JURONG WEST,4 ROOM,91,2008,458000
2016-06,JURONG WEST,5 ROOM,110,2008,518000
2012-11,JURONG WEST,EXECUTIVE,130,2001,578000
2016-01,JURONG WEST,4 ROOM,93,2000,388000
2015-05,JURONG WEST,3 ROOM,82,1982,308000
2017-04,JURONG WEST,3 ROOM,64,1985,235000
2013-04,JURONG WEST,4 ROOM,107,1993,405000
2014-10,JURONG WEST,3 ROOM,65,1976,295000
2012-08,JURONG WEST,4 ROOM,105,1988,390000
2017-03,JURONG WEST,3 ROOM,59,1975,270000
2015-08,JURONG WEST,4 ROOM,104,1984,350000
2017-01,JURONG WEST,5 ROOM,115,2001,500000
2014-04,JURONG WEST,4 ROOM,100,1998,430000
2015-03,JURONG WEST,5 ROOM,110,2002,458000
2016-12,JURONG WEST,5 ROOM,110,2001,465000
2015-08,JURONG WEST,5 ROOM,116,2001,450000
2012-04,JURONG WEST,4 ROOM,109,1993,389000
2016-05,JURONG WEST,2 ROOM,48,2008,220000
2012-07,JURONG WEST,EXECUTIVE,132,2002,585000
2015-03,JURONG WEST,4 ROOM,104,1996,379000
2013-12,JURONG WEST,4 ROOM,103,1984,403000
2016-03,JURONG WEST,EXECUTIVE,132,2000,682500
2012-06,JURONG WEST,5 ROOM,111,2001,460000
2015-03,JURONG WEST,4 ROOM,90,2001,395888
2015-04,JURONG WEST,5 ROOM,111,2002,420000
2012-12,JURONG WEST,4 ROOM,84,1985,383500
2016-08,JURONG WEST,5 ROOM,123,1996,418000
2014-01,JURONG WEST,5 ROOM,135,1985,433000
2013-07,JURONG WEST,5 ROOM,120,1998,593000
2013-03,JURONG WEST,EXECUTIVE,126,2002,553000
2013-09,JURONG WEST,5 ROOM,116,2001,480000
2014-08,JURONG WEST,4 ROOM,91,2000,405000
2015-07,JURONG WEST,4 ROOM,104,1990,355000
2016-06,JURONG WEST,3 ROOM,74,1976,300000
2017-03,JURONG WEST,EXECUTIVE,130,2000,648888
2012-09,JURONG WEST,5 ROOM,121,1998,523000
2016-04,JURONG WEST,4 ROOM,90,2000,382000
2014-05,JURONG WEST,4 ROOM,102,1985,400000
2015-03,JURONG WEST,3 ROOM,69,2012,328000
2014-11,JURONG WEST,4 ROOM,90,2000,408000
2016-05,JURONG WEST,4 ROOM,103,1989,352000
2017-05,JURONG WEST,4 ROOM,109,1993,335000
2012-10,JURONG WEST,4 ROOM,113,1995,480000
2014-09,JURONG WEST,5 ROOM,110,2001,447500
2015-10,JURONG WEST,EXECUTIVE,155,1990,650000
2012-10,JURONG WEST,4 ROOM,90,2001,414000
2016-12,JURONG WEST,4 ROOM,104,1984,375000
2014-01,JURONG WEST,4 ROOM,106,1996,370000
2017-01,JURONG WEST,4 ROOM,103,1985,360000
2012-08,JURONG WEST,3 ROOM,64,1985,303000
2015-01,JURONG WEST,4 ROOM,95,2000,420000
2012-06,JURONG WEST,EXECUTIVE,147,1997,542000
2017-02,JURONG WEST,4 ROOM,100,1998,416000
2017-05,KALLANG/WHAMPOA,3 ROOM,65,1974,243888
2017-03,KALLANG/WHAMPOA,4 ROOM,92,2012,680000
2013-06,KALLANG/WHAMPOA,3 ROOM,66,1972,370000
2015-05,KALLANG/WHAMPOA,EXECUTIVE,141,1986,769000
2016-12,KALLANG/WHAMPOA,4 ROOM,94,1980,470000
2013-08,KALLANG/WHAMPOA,3 ROOM,63,1981,345000
2014-07,KALLANG/WHAMPOA,3 ROOM,59,1981,375000
2014-08,KALLANG/WHAMPOA,5 ROOM,109,2004,690000
2013-03,KALLANG/WHAMPOA,EXECUTIVE,140,1986,890000
2013-07,KALLANG/WHAMPOA,4 ROOM,90,2006,585000
2015-04,KALLANG/WHAMPOA,4 ROOM,101,1997,600000
2014-09,KALLANG/WHAMPOA,3 ROOM,60,1969,345000
2013-11,KALLANG/WHAMPOA,3 ROOM,68,1979,362000
2013-01,KALLANG/WHAMPOA,3 ROOM,68,1979,408000
2014-03,KALLANG/WHAMPOA,4 ROOM,91,1974,440000
2017-05,KALLANG/WHAMPOA,5 ROOM,107,2011,948000
2017-03,KALLANG/WHAMPOA,5 ROOM,123,1996,688000
2015-11,KALLANG/WHAMPOA,3 ROOM,64,1987,365000
2013-09,KALLANG/WHAMPOA,4 ROOM,88.1,1974,550000
2014-09,KALLANG/WHAMPOA,4 ROOM,90,2006,625000
2012-11,KALLANG/WHAMPOA,3 ROOM,59,1976,334000
2017-04,KALLANG/WHAMPOA,5 ROOM,109,2011,920000
2015-02,KALLANG/WHAMPOA,3 ROOM,65,1974,306000
2014-06,KALLANG/WHAMPOA,4 ROOM,100,1998,600000
2015-01,KALLANG/WHAMPOA,4 ROOM,90,2006,648000
2015-11,KALLANG/WHAMPOA,3 ROOM,56,1970,275000
2017-03,KALLANG/WHAMPOA,4 ROOM,107,1996,610000
2016-10,KALLANG/WHAMPOA,4 ROOM,104,1985,505000
2013-11,KALLANG/WHAMPOA,3 ROOM,68,1972,350000
2015-11,KALLANG/WHAMPOA,5 ROOM,132,1986,777000
2016-04,KALLANG/WHAMPOA,5 ROOM,110,2003,805000
2014-09,KALLANG/WHAMPOA,5 ROOM,122,1987,550000
2012-12,KALLANG/WHAMPOA,3 ROOM,65,1974,350000
2017-05,KALLANG/WHAMPOA,5 ROOM,120,1997,580000
2015-09,KALLANG/WHAMPOA,3 ROOM,65,1974,335000
2016-04,KALLANG/WHAMPOA,4 ROOM,104,1987,495000
2014-11,KALLANG/WHAMPOA,4 ROOM,91,1976,495000
2015-01,KALLANG/WHAMPOA,5 ROOM,122,1981,700000
2013-11,KALLANG/WHAMPOA,5 ROOM,114,1976,555500
2012-07,KALLANG/WHAMPOA,3 ROOM,63,1981,331500
2012-04,KALLANG/WHAMPOA,3 ROOM,65,1974,370000
2013-12,KALLANG/WHAMPOA,3 ROOM,62,2004,538888
2016-09,KALLANG/WHAMPOA,3 ROOM,60,1969,285000
2013-03,KALLANG/WHAMPOA,3 ROOM,78,1972,412000
2012-08,KALLANG/WHAMPOA,3 ROOM,66,1974,330000
2015-08,KALLANG/WHAMPOA,3 ROOM,63,1981,295000
2015-12,KALLANG/WHAMPOA,3 ROOM,64,1987,340000
2012-07,KALLANG/WHAMPOA,3 ROOM,56,1971,300000
2014-08,KALLANG/WHAMPOA,4 ROOM,85,2006,635000
2015-02,KALLANG/WHAMPOA,3 ROOM,67,2012,448000
2013-10,KALLANG/WHAMPOA,3 ROOM,65,1974,343000
2012-04,KALLANG/WHAMPOA,2 ROOM,48,1970,285000
2012-12,KALLANG/WHAMPOA,4 ROOM,106,1984,647000
2012-10,KALLANG/WHAMPOA,3 ROOM,67,1984,395000
2013-06,KALLANG/WHAMPOA,3 ROOM,56,1971,305000
2012-10,KALLANG/WHAMPOA,4 ROOM,82,1976,430000
2014-03,KALLANG/WHAMPOA,4 ROOM,90,2006,612000
2015-03,KALLANG/WHAMPOA,3 ROOM,59,1973,285000
2017-01,KALLANG/WHAMPOA,3 ROOM,68,1979,330000
2015-09,KALLANG/WHAMPOA,5 ROOM,118,1984,670000
2015-02,KALLANG/WHAMPOA,3 ROOM,65,1974,338000
2017-04,KALLANG/WHAMPOA,4 ROOM,92,2012,715000
2017-01,KALLANG/WHAMPOA,5 ROOM,122,1998,680000
2013-05,MARINE PARADE,3 ROOM,65,1975,465000
2015-05,MARINE PARADE,4 ROOM,82,1976,527000
2013-07,MARINE PARADE,3 ROOM,65,1975,460000
2013-11,MARINE PARADE,4 ROOM,82,1975,547000
2013-04,MARINE PARADE,3 ROOM,70,1975,465000
2016-11,MARINE PARADE,3 ROOM,65,1975,418000
2015-04,MARINE PARADE,4 ROOM,82,1975,460000
2014-05,MARINE PARADE,4 ROOM,87,1976,568000
2013-03,MARINE PARADE,3 ROOM,65,1976,430000
2014-11,MARINE PARADE,5 ROOM,120,1977,830000
2012-11,MARINE PARADE,3 ROOM,65,1975,398000
2013-09,MARINE PARADE,5 ROOM,126,1975,843888
2012-03,MARINE PARADE,4 ROOM,87,1976,490000
2014-01,MARINE PARADE,3 ROOM,76,1976,440000
2016-09,MARINE PARADE,3 ROOM,76,1975,465000
2016-10,MARINE PARADE,3 ROOM,65,1975,405000
2015-10,MARINE PARADE,3 ROOM,68,1976,362000
2013-03,MARINE PARADE,3 ROOM,65,1975,413800
2012-04,MARINE PARADE,3 ROOM,59,1975,385000
2015-02,MARINE PARADE,3 ROOM,70,1975,428000
2012-12,MARINE PARADE,5 ROOM,122,1977,910000
2016-04,PASIR RIS,4 ROOM,106,1990,390000
2015-01,PASIR RIS,4 ROOM,106,1989,405000
2015-12,PASIR RIS,5 ROOM,126,1993,470000
2017-06,PASIR RIS,4 ROOM,84,1988,363000
2013-07,PASIR RIS,4 ROOM,103,1989,472000
2014-10,PASIR RIS,5 ROOM,133,1993,605000
2015-10,PASIR RIS,4 ROOM,105,1989,430000
2012-10,PASIR RIS,4 ROOM,105,1989,437500
2013-01,PASIR RIS,5 ROOM,122,1995,530288
2016-02,PASIR RIS,5 ROOM,125,1996,445000
2013-01,PASIR RIS,4 ROOM,104,1992,485000
2014-01,PASIR RIS,4 ROOM,103,1989,435000
2016-05,PASIR RIS,4 ROOM,103,1996,397000
2012-10,PASIR RIS,5 ROOM,126,1995,502000
2013-10,PASIR RIS,5 ROOM,134,1996,540000
2012-06,PASIR RIS,4 ROOM,105,1996,425000
2016-05,PASIR RIS,4 ROOM,104,1996,390000
2014-10,PASIR RIS,4 ROOM,103,1989,416800
2014-08,PASIR RIS,5 ROOM,126,1995,480000
2017-02,PASIR RIS,5 ROOM,128,1996,437000
2012-05,PASIR RIS,5 ROOM,125,1996,535000
2015-10,PASIR RIS,4 ROOM,114,1989,395000
2015-03,PASIR RIS,4 ROOM,106,1993,425000
2016-12,PASIR RIS,5 ROOM,122,1993,420000
2012-05,PASIR RIS,EXECUTIVE,143,1996,645000
2015-03,PASIR RIS,EXECUTIVE,146,1989,585000
2014-06,PASIR RIS,4 ROOM,104,1995,415000
2014-03,PASIR RIS,4 ROOM,106,1989,445000
2012-10,PASIR RIS,4 ROOM,103,1989,486000
2017-03,PASIR RIS,5 ROOM,123,1993,500000
2014-02,PASIR RIS,5 ROOM,123,1996,570000
2016-03,PASIR RIS,EXECUTIVE,147,1993,512000
2017-03,PASIR RIS,5 ROOM,128,1996,455000
2012-04,PASIR RIS,5 ROOM,128,1996,540000
2015-03,PASIR RIS,EXECUTIVE,147,1995,640000
2014-04,PASIR RIS,EXECUTIVE,144,1992,690000
2016-05,PASIR RIS,4 ROOM,106,1992,405088
2012-04,PASIR RIS,4 ROOM,104,1993,428000
2013-02,PASIR RIS,5 ROOM,126,1996,560000
2014-12,PASIR RIS,4 ROOM,103,1989,410000
2015-07,PASIR RIS,5 ROOM,126,1996,460000
2015-04,PASIR RIS,5 ROOM,126,1993,450000
2015-11,PASIR RIS,5 ROOM,125,1996,440000
2015-10,PASIR RIS,EXECUTIVE,144,1992,598000
2013-10,PASIR RIS,EXECUTIVE,149,1993,587000
2016-12,PASIR RIS,EXECUTIVE,146,1993,625000
2012-10,PASIR RIS,5 ROOM,136,1992,539000
2016-08,PASIR RIS,4 ROOM,104,1995,378000
2012-11,PASIR RIS,5 ROOM,121,1995,553000
2016-04,PASIR RIS,5 ROOM,125,1995,435000
2015-02,PASIR RIS,EXECUTIVE,144,1992,650000
2016-08,PASIR RIS,4 ROOM,109,1995,435000
2013-02,PASIR RIS,5 ROOM,128,1995,500000
2014-09,PASIR RIS,4 ROOM,106,1993,425000
2017-03,PASIR RIS,EXECUTIVE,150,1993,532500
2015-06,PASIR RIS,EXECUTIVE,151,1994,540000
2017-04,PASIR RIS,4 ROOM,104,1995,385888
2012-10,PASIR RIS,4 ROOM,105,1995,412000
2015-01,PASIR RIS,EXECUTIVE,153,1996,620000
2014-01,PASIR RIS,4 ROOM,106,1989,405000
2016-11,PASIR RIS,5 ROOM,123,1992,480000
2015-05,PASIR RIS,EXECUTIVE,149,1995,735000
2013-11,PASIR RIS,4 ROOM,105,1992,485000
2013-07,PASIR RIS,5 ROOM,122,1989,511000
2017-01,PASIR RIS,EXECUTIVE,146,1988,638000
2015-01,PASIR RIS,5 ROOM,127,1993,480000
2014-04,PASIR RIS,5 ROOM,127,1993,545000
2016-11,PASIR RIS,4 ROOM,104,1996,410000
2015-05,PASIR RIS,EXECUTIVE,147,1990,685000
2012-07,PASIR RIS,4 ROOM,106,1993,417000
2015-04,PASIR RIS,4 ROOM,111,1996,460000
2015-04,PASIR RIS,5 ROOM,137,1993,460000
2013-09,PASIR RIS,4 ROOM,107,1990,465000
2015-01,PUNGGOL,5 ROOM,110,2005,500000
2015-02,PUNGGOL,5 ROOM,110,2003,510000
2012-11,PUNGGOL,4 ROOM,92,2009,538000
2014-06,PUNGGOL,5 ROOM,110,2003,520000
2017-05,PUNGGOL,3 ROOM,69,2012,380000
2012-11,PUNGGOL,4 ROOM,91,2005,509000
2016-11,PUNGGOL,5 ROOM,112,2013,520000
2016-04,PUNGGOL,4 ROOM,94,2004,421800
2015-01,PUNGGOL,5 ROOM,112,2003,458000
2015-05,PUNGGOL,EXECUTIVE,128,2004,560000
2013-04,PUNGGOL,5 ROOM,110,2005,548000
2017-03,PUNGGOL,5 ROOM,110,2004,450000
2016-11,PUNGGOL,5 ROOM,114,2004,488000
2012-10,PUNGGOL,4 ROOM,90,2003,492000
2017-04,PUNGGOL,4 ROOM,90,2003,353000
2017-05,PUNGGOL,4 ROOM,94,2012,420000
2017-04,PUNGGOL,4 ROOM,93,2012,452000
2015-12,PUNGGOL,5 ROOM,110,2003,430000
2012-07,PUNGGOL,5 ROOM,114,2004,596000
2017-03,PUNGGOL,EXECUTIVE,130,2003,558000
2012-08,PUNGGOL,4 ROOM,90,2004,493000
2012-10,PUNGGOL,5 ROOM,111,2003,532000
2016-06,PUNGGOL,4 ROOM,97,2012,535000
2014-04,PUNGGOL,EXECUTIVE,128,2004,650888
2012-05,PUNGGOL,4 ROOM,90,2007,535000
2013-05,PUNGGOL,5 ROOM,110,2004,580000
2013-11,PUNGGOL,5 ROOM,110,2003,510000
2013-11,PUNGGOL,EXECUTIVE,129,2003,616888
2016-09,PUNGGOL,5 ROOM,112,2013,470000
2015-01,PUNGGOL,4 ROOM,93,2011,483000
2015-05,PUNGGOL,5 ROOM,110,2003,440000
2012-08,PUNGGOL,5 ROOM,114,2004,565000
2013-04,PUNGGOL,4 ROOM,93,2005,450000
2014-06,PUNGGOL,5 ROOM,112,2005,530000
2013-06,PUNGGOL,5 ROOM,114,2004,600000
2014-03,PUNGGOL,4 ROOM,90,2007,498000
2017-06,PUNGGOL,4 ROOM,92,2012,405000
2014-02,PUNGGOL,4 ROOM,90,2002,460000
2016-04,PUNGGOL,4 ROOM,92,2012,500000
2014-11,PUNGGOL,EXECUTIVE,130,2003,570000
2012-09,PUNGGOL,4 ROOM,85,2003,478888
2015-05,PUNGGOL,5 ROOM,110,2003,440000
2016-10,PUNGGOL,4 ROOM,92,2012,412000
2016-10,PUNGGOL,4 ROOM,93,2012,520888
2016-11,PUNGGOL,5 ROOM,110,2004,450000
2014-01,PUNGGOL,5 ROOM,111,2005,545000
2015-01,PUNGGOL,5 ROOM,112,2005,447000
2015-01,PUNGGOL,4 ROOM,93,2011,500000
2012-07,PUNGGOL,5 ROOM,110,2003,542000
2016-04,PUNGGOL,4 ROOM,90,2003,360000
2012-08,PUNGGOL,5 ROOM,111,2003,528000
2014-04,PUNGGOL,5 ROOM,110,2003,498000
2016-08,PUNGGOL,5 ROOM,110,2003,440000
2013-01,PUNGGOL,5 ROOM,110,2003,625000
2016-10,PUNGGOL,5 ROOM,113,2013,630000
2012-12,PUNGGOL,5 ROOM,111,2003,550000
2014-11,PUNGGOL,5 ROOM,110,2003,450000
2015-01,PUNGGOL,5 ROOM,110,2003,475888
2012-06,PUNGGOL,5 ROOM,110,2003,550000
2012-09,PUNGGOL,4 ROOM,95,2004,481000
2017-05,PUNGGOL,4 ROOM,92,2012,450000
2015-03,PUNGGOL,5 ROOM,110,2003,440000
2016-03,PUNGGOL,4 ROOM,92,2012,462000
2016-11,PUNGGOL,4 ROOM,98,2013,520000
2015-02,PUNGGOL,4 ROOM,93,2011,512000
2017-03,PUNGGOL,5 ROOM,110,2003,395000
2012-05,PUNGGOL,5 ROOM,114,2004,550000
2016-04,PUNGGOL,5 ROOM,110,2003,460000
2014-05,PUNGGOL,4 ROOM,94,2004,428000
2014-08,PUNGGOL,5 ROOM,110,2003,510000
2012-07,PUNGGOL,4 ROOM,92,2009,485000
2016-08,PUNGGOL,5 ROOM,112,2003,446888
2017-03,PUNGGOL,4 ROOM,99,2013,452000
2014-09,PUNGGOL,4 ROOM,92,2009,445000
2013-10,QUEENSTOWN,3 ROOM,56,1971,335000
2013-04,QUEENSTOWN,3 ROOM,56,1973,340000
2015-12,QUEENSTOWN,3 ROOM,59,1974,355000
2016-02,QUEENSTOWN,5 ROOM,111,2003,814000
2014-09,QUEENSTOWN,3 ROOM,60,1970,315000
2015-08,QUEENSTOWN,4 ROOM,90,2008,705000
2015-08,QUEENSTOWN,3 ROOM,65,1976,380000
2013-01,QUEENSTOWN,3 ROOM,56,1983,340100
2016-01,QUEENSTOWN,3 ROOM,67,1979,355000
2013-02,QUEENSTOWN,3 ROOM,65,1976,408888
2016-02,QUEENSTOWN,3 ROOM,65,1978,363888
2016-10,QUEENSTOWN,4 ROOM,90,2006,635000
2012-05,QUEENSTOWN,5 ROOM,110,2000,845000
2015-03,QUEENSTOWN,3 ROOM,69,2012,410000
2017-04,QUEENSTOWN,4 ROOM,84,1974,490000
2012-04,QUEENSTOWN,2 ROOM,46,1971,268000
2012-05,QUEENSTOWN,3 ROOM,65,1975,453000
2012-03,QUEENSTOWN,3 ROOM,65,1971,335000
2012-04,QUEENSTOWN,3 ROOM,65,1978,369000
2012-05,QUEENSTOWN,3 ROOM,65,1976,400000
2013-06,QUEENSTOWN,3 ROOM,65,1975,450000
2017-03,QUEENSTOWN,3 ROOM,84,1968,888888.88
2017-06,QUEENSTOWN,3 ROOM,65,1976,328000
2015-06,QUEENSTOWN,5 ROOM,117,1978,845000
2017-06,QUEENSTOWN,3 ROOM,65,1978,333000
2014-01,QUEENSTOWN,5 ROOM,117,1978,900000
2014-12,QUEENSTOWN,4 ROOM,92,2003,623000
2014-06,QUEENSTOWN,3 ROOM,73,1975,436000
2015-11,QUEENSTOWN,3 ROOM,72,1970,400000
2017-03,QUEENSTOWN,4 ROOM,95,2002,655000
2015-04,QUEENSTOWN,4 ROOM,88,1976,545000
2012-12,QUEENSTOWN,4 ROOM,84,1974,495000
2016-10,QUEENSTOWN,3 ROOM,65,1975,310000
2013-05,QUEENSTOWN,3 ROOM,65,1974,490000
2012-10,QUEENSTOWN,2 ROOM,46,1971,280000
2012-05,QUEENSTOWN,3 ROOM,73,1974,495000
2014-07,QUEENSTOWN,3 ROOM,65,1974,450000
2014-09,QUEENSTOWN,3 ROOM,69,1969,363888
2017-01,QUEENSTOWN,3 ROOM,65,1976,363000
2015-11,QUEENSTOWN,3 ROOM,60,1967,345000
2015-07,QUEENSTOWN,4 ROOM,106,1997,720000
2014-07,QUEENSTOWN,4 ROOM,85,2006,725000
2015-03,QUEENSTOWN,3 ROOM,69,1967,320000
2012-12,QUEENSTOWN,4 ROOM,90,2006,739999
2012-09,QUEENSTOWN,3 ROOM,65,1975,474500
2016-09,QUEENSTOWN,4 ROOM,89,1973,480000
2014-07,QUEENSTOWN,4 ROOM,107,1996,615000
2013-08,QUEENSTOWN,5 ROOM,110,2008,930000
2015-02,QUEENSTOWN,3 ROOM,63,1970,328000
2016-11,QUEENSTOWN,4 ROOM,85,2006,715000
2014-10,QUEENSTOWN,3 ROOM,65,1975,430000
2012-04,QUEENSTOWN,3 ROOM,59,1970,325000
2013-04,QUEENSTOWN,4 ROOM,92,2003,700000
2013-01,QUEENSTOWN,5 ROOM,110,2008,915000
2014-12,QUEENSTOWN,4 ROOM,92,2003,600000
2015-12,SEMBAWANG,EXECUTIVE,131,2001,528000
2015-07,SEMBAWANG,5 ROOM,110,2001,415000
2014-11,SEMBAWANG,4 ROOM,91,2001,380000
2016-05,SEMBAWANG,4 ROOM,90,2001,355000
2016-06,SEMBAWANG,4 ROOM,102,2001,362000
2014-06,SEMBAWANG,EXECUTIVE,125,2002,515000
2013-12,SEMBAWANG,EXECUTIVE,143,1998,618000
2013-04,SEMBAWANG,5 ROOM,111,2001,475000
2012-03,SEMBAWANG,4 ROOM,94,2001,460000
2013-03,SEMBAWANG,EXECUTIVE,125,2002,590000
2014-12,SEMBAWANG,4 ROOM,94,2010,390000
2012-05,SEMBAWANG,5 ROOM,111,2001,485000
2012-09,SEMBAWANG,5 ROOM,110,2001,498000
2014-12,SEMBAWANG,5 ROOM,110,2001,425000
2017-05,SEMBAWANG,4 ROOM,90,2001,312000
2015-11,SEMBAWANG,4 ROOM,86,2001,320000
2012-09,SEMBAWANG,5 ROOM,111,2004,460000
2014-04,SEMBAWANG,4 ROOM,90,2004,410000
2012-11,SEMBAWANG,5 ROOM,115,1999,463000
2014-10,SEMBAWANG,4 ROOM,95,2001,410000
2015-09,SEMBAWANG,4 ROOM,90,2004,340000
2017-05,SEMBAWANG,4 ROOM,102,2001,330000
2012-08,SEMBAWANG,5 ROOM,110,2001,468000
2015-02,SEMBAWANG,5 ROOM,118,2001,420000
2014-09,SEMBAWANG,4 ROOM,90,2004,380000
2013-10,SEMBAWANG,4 ROOM,93,2002,431000
2017-03,SEMBAWANG,4 ROOM,94,2010,365000
2014-09,SEMBAWANG,5 ROOM,110,2004,451000
2017-04,SEMBAWANG,4 ROOM,90,2004,327000
2014-09,SEMBAWANG,4 ROOM,96,2010,405000
2012-04,SEMBAWANG,4 ROOM,86,2003,400000
2015-11,SEMBAWANG,5 ROOM,110,2001,400000
2015-10,SEMBAWANG,EXECUTIVE,130,2001,533000
2013-03,SEMBAWANG,4 ROOM,92,2001,480000
2016-01,SEMBAWANG,4 ROOM,95,2001,416000
2016-10,SEMBAWANG,5 ROOM,110,2001,370000
2013-01,SEMBAWANG,5 ROOM,110,2000,455000
2015-11,SEMBAWANG,4 ROOM,91,2001,360000
2012-04,SEMBAWANG,4 ROOM,90,2004,445500
2014-03,SEMBAWANG,5 ROOM,113,2001,525000
2014-01,SEMBAWANG,4 ROOM,93,2001,440000
2012-11,SEMBAWANG,4 ROOM,101,1999,460000
2012-05,SEMBAWANG,5 ROOM,110,2004,445000
2013-04,SEMBAWANG,4 ROOM,90,2001,430000
2012-10,SEMBAWANG,4 ROOM,96,2001,460000
2013-01,SEMBAWANG,5 ROOM,123,1999,498000
2014-01,SEMBAWANG,4 ROOM,102,1999,455000
2012-05,SEMBAWANG,4 ROOM,95,2001,429500
2013-11,SEMBAWANG,5 ROOM,110,2001,470000
2016-11,SEMBAWANG,4 ROOM,96,2010,380000
2016-11,SEMBAWANG,5 ROOM,110,2004,395000
2015-07,SEMBAWANG,EXECUTIVE,131,2001,535000
2016-06,SEMBAWANG,4 ROOM,87,2000,318000
2016-05,SEMBAWANG,EXECUTIVE,131,2001,455000
2016-11,SEMBAWANG,4 ROOM,94,2010,345000
2016-09,SENGKANG,5 ROOM,114,2004,460000
2013-06,SENGKANG,4 ROOM,90,2002,454000
2013-09,SENGKANG,5 ROOM,110,2001,580000
2016-11,SENGKANG,4 ROOM,88,2000,378000
2014-09,SENGKANG,4 ROOM,90,2009,540000
2017-06,SENGKANG,5 ROOM,111,2002,365000
2014-10,SENGKANG,4 ROOM,94,2001,405000
2014-02,SENGKANG,5 ROOM,110,2001,490000
2014-01,SENGKANG,3 ROOM,83,2007,395000
2012-09,SENGKANG,5 ROOM,110,2003,570000
2012-07,SENGKANG,4 ROOM,90,2002,438000
2013-09,SENGKANG,EXECUTIVE,135,1999,615000
2012-10,SENGKANG,5 ROOM,116,2000,510000
2015-08,SENGKANG,4 ROOM,95,2004,368000
2012-08,SENGKANG,5 ROOM,121,1999,518000
2013-06,SENGKANG,EXECUTIVE,130,2001,598000
2013-02,SENGKANG,5 ROOM,110,2000,555000
2016-09,SENGKANG,4 ROOM,93,2012,435000
2016-07,SENGKANG,4 ROOM,90,2001,395000
2013-08,SENGKANG,EXECUTIVE,134,2001,599000
2014-01,SENGKANG,4 ROOM,85,2001,445000
2016-03,SENGKANG,4 ROOM,95,2013,438000
2016-09,SENGKANG,5 ROOM,110,2006,520000
2012-09,SENGKANG,EXECUTIVE,134,2001,602000
2016-04,SENGKANG,4 ROOM,95,2012,468888
2017-02,SENGKANG,4 ROOM,96,2012,445000
2016-08,SENGKANG,4 ROOM,93,2013,430000
2017-02,SENGKANG,4 ROOM,90,2009,542888
2014-01,SENGKANG,5 ROOM,121,1999,480000
2012-12,SENGKANG,EXECUTIVE,134,2001,650000
2012-03,SENGKANG,5 ROOM,111,2002,510000
2013-01,SENGKANG,4 ROOM,95,2000,475000
2012-04,SENGKANG,5 ROOM,110,2002,515000
2017-03,SENGKANG,4 ROOM,90,2005,375000
2016-07,SENGKANG,5 ROOM,113,2001,453888
2016-09,SENGKANG,5 ROOM,110,2002,370000
2013-07,SENGKANG,4 ROOM,90,2009,545000
2013-08,SENGKANG,4 ROOM,95,2000,464000
2016-09,SENGKANG,5 ROOM,112,2003,408000
2013-05,SENGKANG,4 ROOM,86,2001,440000
2012-10,SENGKANG,5 ROOM,110,2001,556000
2016-08,SENGKANG,4 ROOM,95,2004,418000
2013-01,SENGKANG,EXECUTIVE,131,2000,608000
2012-07,SENGKANG,EXECUTIVE,134,2001,588888
2013-01,SENGKANG,5 ROOM,116,1999,505000
2014-10,SENGKANG,EXECUTIVE,127,2002,550000
2014-06,SENGKANG,5 ROOM,110,2000,549000
2012-10,SENGKANG,5 ROOM,110,2001,505000
2012-06,SENGKANG,5 ROOM,122,1999,578000
2012-04,SENGKANG,5 ROOM,110,2001,495000
2012-07,SENGKANG,5 ROOM,110,2001,527000
2012-03,SENGKANG,4 ROOM,101,1999,453000
2017-01,SENGKANG,4 ROOM,93,2013,390000
2013-09,SENGKANG,4 ROOM,101,1999,440000
2013-08,SENGKANG,EXECUTIVE,140,1999,633000
2013-06,SENGKANG,4 ROOM,90,2001,453000
2012-03,SENGKANG,4 ROOM,101,1999,461000
2013-01,SENGKANG,4 ROOM,90,2009,610000
2016-02,SENGKANG,4 ROOM,90,2003,355000
2013-01,SENGKANG,5 ROOM,110,2000,491000
2016-03,SENGKANG,5 ROOM,110,2001,462000
2016-07,SENGKANG,4 ROOM,102,1999,401000
2014-03,SENGKANG,4 ROOM,93,2010,560000
2016-11,SENGKANG,5 ROOM,115,2004,450000
2014-09,SENGKANG,EXECUTIVE,125,2003,592500
2015-03,SENGKANG,4 ROOM,90,2001,388000
2012-10,SENGKANG,4 ROOM,90,2000,458000
2012-06,SENGKANG,5 ROOM,115,2004,554000
2016-08,SENGKANG,4 ROOM,85,2003,330000
2015-05,SENGKANG,4 ROOM,95,2004,428888
2014-08,SENGKANG,5 ROOM,110,2001,475000
2014-03,SENGKANG,4 ROOM,93,2010,550000
2016-08,SENGKANG,4 ROOM,93,2013,428888
2015-11,SENGKANG,4 ROOM,94,2012,480000
2016-02,SENGKANG,5 ROOM,110,2000,526888
2017-06,SENGKANG,5 ROOM,115,2000,420000
2012-08,SENGKANG,EXECUTIVE,135,1999,630000
2014-12,SENGKANG,4 ROOM,95,2004,380000
2014-08,SENGKANG,4 ROOM,91,2001,412000
2015-11,SENGKANG,5 ROOM,110,2003,428888
2016-11,SENGKANG,5 ROOM,122,1999,435000
2016-06,SENGKANG,4 ROOM,97,2013,438000
2013-07,SENGKANG,4 ROOM,84,2001,420000
2017-02,SENGKANG,4 ROOM,95,2002,390000
2015-05,SENGKANG,5 ROOM,110,2002,430000
2013-04,SENGKANG,4 ROOM,90,2009,635000
2017-05,SENGKANG,4 ROOM,90,2006,408000
2013-03,SENGKANG,4 ROOM,100,1999,490000
2016-10,SENGKANG,3 ROOM,69,2011,375000
2015-02,SENGKANG,4 ROOM,101,1999,396000
2012-11,SENGKANG,5 ROOM,110,2001,550000
2013-02,SENGKANG,4 ROOM,90,2009,580000
2013-06,SENGKANG,5 ROOM,110,2003,539000
2014-04,SENGKANG,5 ROOM,110,2002,545000
2012-08,SENGKANG,5 ROOM,114,2001,472000
2015-08,SENGKANG,5 ROOM,110,2001,498000
2015-06,SENGKANG,5 ROOM,110,2001,520000
2017-03,SENGKANG,4 ROOM,92,2005,358000
2012-03,SENGKANG,5 ROOM,122,1999,498000
2015-06,SENGKANG,5 ROOM,110,2001,445000
2015-02,SENGKANG,4 ROOM,87,2002,432500
2017-05,SENGKANG,4 ROOM,94,2011,418888
2013-09,SENGKANG,4 ROOM,90,2009,599000
2016-04,SENGKANG,4 ROOM,96,2000,440000
2016-03,SENGKANG,4 ROOM,90,2002,360000
2017-06,SENGKANG,5 ROOM,110,2001,460000
2016-12,SENGKANG,4 ROOM,94,2004,375000
2016-05,SENGKANG,5 ROOM,110,2003,415000
2015-01,SENGKANG,4 ROOM,94,2011,468000
2013-12,SENGKANG,4 ROOM,90,2001,410000
2016-07,SENGKANG,4 ROOM,95,2012,425000
2012-11,SENGKANG,4 ROOM,90,2001,479500
2015-07,SENGKANG,4 ROOM,92,2011,458000
2016-01,SENGKANG,5 ROOM,115,1999,500000
2015-10,SENGKANG,4 ROOM,91,2005,388000
2013-08,SENGKANG,5 ROOM,111,2003,513000
2012-05,SENGKANG,EXECUTIVE,126,2003,610000
2014-02,SENGKANG,4 ROOM,92,2008,535000
2015-03,SENGKANG,5 ROOM,114,2004,538888
2016-04,SENGKANG,5 ROOM,110,2003,430000
2013-03,SENGKANG,5 ROOM,110,2005,505000
2012-05,SENGKANG,5 ROOM,112,2003,503000
2014-09,SENGKANG,4 ROOM,92,2003,380000
2013-05,SENGKANG,4 ROOM,90,2009,610000
2013-09,SENGKANG,4 ROOM,90,1999,413000
2017-02,SENGKANG,4 ROOM,95,2004,394000
2012-12,SENGKANG,EXECUTIVE,134,2001,622000
2012-10,SENGKANG,EXECUTIVE,130,2001,638000
2017-01,SERANGOON,4 ROOM,91,1985,390000
2014-04,SERANGOON,3 ROOM,60,1985,330000
2017-04,SERANGOON,5 ROOM,121,1986,735000
2012-04,SERANGOON,4 ROOM,94,1984,488000
2012-10,SERANGOON,3 ROOM,60,1985,335000
2014-11,SERANGOON,3 ROOM,73,1983,400000
2014-02,SERANGOON,5 ROOM,120,1997,540000
2012-10,SERANGOON,4 ROOM,84,1987,510000
2014-04,SERANGOON,5 ROOM,120,1997,560000
2014-02,SERANGOON,3 ROOM,60,1985,323000
2012-09,SERANGOON,3 ROOM,71,1985,380000
2016-05,SERANGOON,4 ROOM,83,1987,330000
2012-07,SERANGOON,3 ROOM,64,1978,330000
2017-06,SERANGOON,5 ROOM,140,1985,518000
2014-12,SERANGOON,5 ROOM,122,1992,480000
2017-01,SERANGOON,3 ROOM,67,1984,319000
2015-03,SERANGOON,4 ROOM,92,1985,388000
2015-03,SERANGOON,5 ROOM,121,1986,455000
2015-10,SERANGOON,EXECUTIVE,149,1992,688000
2017-02,SERANGOON,3 ROOM,60,1985,253000
2013-08,SERANGOON,4 ROOM,84,1985,500000
2013-02,SERANGOON,4 ROOM,105,1985,560000
2014-09,SERANGOON,4 ROOM,84,1985,500000
2015-03,SERANGOON,3 ROOM,64,1985,390000
2014-08,SERANGOON,EXECUTIVE,154,1989,842300
2012-05,SERANGOON,3 ROOM,60,1984,323000
2016-09,SERANGOON,3 ROOM,67,1985,317000
2015-04,SERANGOON,4 ROOM,84,1986,463000
2016-02,SERANGOON,3 ROOM,67,1985,335000
2016-08,SERANGOON,5 ROOM,122,1992,430000
2016-03,SERANGOON,3 ROOM,67,1985,312000
2015-03,SERANGOON,3 ROOM,67,1985,307000
2014-08,SERANGOON,3 ROOM,64,1985,399000
2015-08,SERANGOON,EXECUTIVE,150,1985,685000
2013-04,SERANGOON,4 ROOM,93,1985,415000
2012-11,SERANGOON,5 ROOM,122,1992,537000
2014-05,SERANGOON,3 ROOM,64,1986,425000
2012-09,TAMPINES,4 ROOM,105,1985,465000
2015-12,TAMPINES,4 ROOM,104,1988,425000
2015-12,TAMPINES,5 ROOM,109,2008,708000
2013-05,TAMPINES,5 ROOM,133,1995,622900
2014-11,TAMPINES,4 ROOM,108,1985,500000
2016-01,TAMPINES,5 ROOM,122,1989,510000
2017-03,TAMPINES,4 ROOM,103,1984,387000
2017-02,TAMPINES,EXECUTIVE,146,1988,710000
2013-08,TAMPINES,5 ROOM,122,1988,532000
2016-08,TAMPINES,4 ROOM,105,1984,450000
2012-06,TAMPINES,3 ROOM,74,1988,356000
2015-04,TAMPINES,5 ROOM,128,1995,493000
2014-04,TAMPINES,3 ROOM,67,1984,330000
2013-02,TAMPINES,4 ROOM,104,1988,535000
2017-02,TAMPINES,5 ROOM,127,1995,518000
2016-03,TAMPINES,3 ROOM,64,1987,285000
2015-02,TAMPINES,5 ROOM,119,1997,518000
2012-12,TAMPINES,3 ROOM,76,1984,370000
2012-10,TAMPINES,4 ROOM,106,1984,497000
2012-08,TAMPINES,3 ROOM,64,1985,330000
2013-11,TAMPINES,4 ROOM,84,1986,400000
2014-07,TAMPINES,4 ROOM,104,1988,445000
2015-05,TAMPINES,4 ROOM,104,1984,453000
2012-06,TAMPINES,4 ROOM,103,1984,478000
2014-11,TAMPINES,5 ROOM,122,1988,578000
2015-05,TAMPINES,3 ROOM,74,1988,348000
2016-05,TAMPINES,4 ROOM,105,1985,420000
2012-11,TAMPINES,4 ROOM,104,1985,465000
2013-09,TAMPINES,4 ROOM,104,1988,510000
2014-10,TAMPINES,5 ROOM,122,1988,580000
2014-09,TAMPINES,5 ROOM,109,2008,680000
2013-03,TAMPINES,3 ROOM,75,1983,380000
2017-04,TAMPINES,5 ROOM,121,1985,540000
2013-12,TAMPINES,5 ROOM,133,1984,586800
2013-04,TAMPINES,3 ROOM,73,1984,378888
2013-03,TAMPINES,4 ROOM,104,1985,480000
2017-05,TAMPINES,5 ROOM,128,1988,575000
2012-07,TAMPINES,3 ROOM,73,1984,373500
2015-08,TAMPINES,3 ROOM,74,1987,315000
2016-03,TAMPINES,4 ROOM,106,1984,446000
2013-03,TAMPINES,5 ROOM,122,1987,560000
2016-04,TAMPINES,4 ROOM,108,1986,415000
2015-11,TAMPINES,EXECUTIVE,146,1996,650000
2012-10,TAMPINES,4 ROOM,104,1984,480000
2014-08,TAMPINES,4 ROOM,91,1984,473000
2013-02,TAMPINES,4 ROOM,84,1988,430000
2014-10,TAMPINES,4 ROOM,107,1996,445000
2013-10,TAMPINES,4 ROOM,104,1993,540000
2013-04,TAMPINES,4 ROOM,103,1997,490000
2013-03,TAMPINES,4 ROOM,104,1989,481500
2014-06,TAMPINES,4 ROOM,104,1988,415000
2012-07,TAMPINES,5 ROOM,129,1995,580000
2013-01,TAMPINES,3 ROOM,73,1984,378000
2015-12,TAMPINES,4 ROOM,105,1993,415000
2015-07,TAMPINES,4 ROOM,102,1984,410000
2014-07,TAMPINES,4 ROOM,89,1986,442000
2014-10,TAMPINES,4 ROOM,104,1989,410000
2014-07,TAMPINES,EXECUTIVE,146,1988,696000
2015-11,TAMPINES,3 ROOM,67,1985,320000
2015-07,TAMPINES,5 ROOM,121,1984,605000
2013-03,TAMPINES,EXECUTIVE,148,1995,670000
2013-02,TAMPINES,5 ROOM,122,1988,568888
2015-06,TAMPINES,3 ROOM,74,1984,320000
2017-04,TAMPINES,4 ROOM,94,2011,615000
2014-08,TAMPINES,3 ROOM,69,1985,350000
2014-12,TAMPINES,EXECUTIVE,150,1993,677500
2015-06,TAMPINES,4 ROOM,107,1996,400000
2014-06,TAMPINES,3 ROOM,79,1982,325000
2012-12,TAMPINES,3 ROOM,74,1985,360000
2016-07,TAMPINES,4 ROOM,104,1993,416000
2016-12,TAMPINES,4 ROOM,104,1988,438000
2015-05,TAMPINES,5 ROOM,124,1993,473000
2015-06,TAMPINES,4 ROOM,104,1988,460000
2015-11,TAMPINES,5 ROOM,121,1985,528000
2012-12,TAMPINES,4 ROOM,108,1986,448000
2013-06,TAMPINES,3 ROOM,74,1986,386000
2012-10,TAMPINES,4 ROOM,104,1997,480000
2013-04,TAMPINES,4 ROOM,108,1995,461000
2015-10,TAMPINES,4 ROOM,103,1989,495000
2014-11,TAMPINES,5 ROOM,132,1995,625000
2012-08,TAMPINES,4 ROOM,93,1986,439000
2012-04,TAMPINES,4 ROOM,84,1988,420000
2014-10,TAMPINES,4 ROOM,104,1984,475000
2012-03,TAMPINES,3 ROOM,74,1985,368000
2013-08,TAMPINES,4 ROOM,106,1984,485000
2015-06,TAMPINES,4 ROOM,105,1985,422000
2014-12,TAMPINES,5 ROOM,128,1988,630000
2017-03,TAMPINES,4 ROOM,108,1987,443000
2015-02,TAMPINES,5 ROOM,123,1994,468000
2017-05,TAMPINES,5 ROOM,123,1996,520000
2015-10,TAMPINES,3 ROOM,78,1984,352000
2014-06,TAMPINES,4 ROOM,103,1984,400000
2015-09,TAMPINES,3 ROOM,69,1985,325000
2016-10,TAMPINES,4 ROOM,99,1997,422000
2014-04,TAMPINES,3 ROOM,78,1985,370000
2016-06,TAMPINES,5 ROOM,121,1988,468000
2015-10,TAMPINES,3 ROOM,73,1984,315000
2015-11,TAMPINES,5 ROOM,122,1993,510000
2016-11,TAMPINES,4 ROOM,105,1984,470000
2017-02,TAMPINES,4 ROOM,103,1984,440000
2013-05,TAMPINES,4 ROOM,102,1997,494000
2014-05,TAMPINES,4 ROOM,104,1985,425000
2016-12,TAMPINES,4 ROOM,108,1982,435000
2015-04,TAMPINES,5 ROOM,109,2008,628000
2015-01,TAMPINES,4 ROOM,107,1984,468000
2012-03,TAMPINES,4 ROOM,104,1984,460000
2012-09,TAMPINES,4 ROOM,104,1989,456000
2016-12,TAMPINES,5 ROOM,126,1993,490000
2013-10,TAMPINES,4 ROOM,104,1988,448000
2016-07,TAMPINES,EXECUTIVE,142,1993,628000
2017-05,TAMPINES,5 ROOM,133,1982,568000
2013-04,TAMPINES,4 ROOM,105,1993,460500
2012-11,TAMPINES,4 ROOM,104,1988,479888
2013-06,TAMPINES,5 ROOM,132,1993,510000
2015-09,TAMPINES,5 ROOM,132,1985,485000
2014-10,TAMPINES,4 ROOM,104,1989,405000
2013-04,TAMPINES,3 ROOM,74,1984,370000
2015-07,TAMPINES,4 ROOM,104,1988,400000
2016-06,TAMPINES,5 ROOM,124,1997,525000
2015-10,TAMPINES,4 ROOM,84,1988,381500
2013-08,TAMPINES,3 ROOM,74,1985,375000
2012-12,TAMPINES,4 ROOM,84,1986,421000
2014-01,TAMPINES,4 ROOM,84,1988,443000
2017-04,TAMPINES,3 ROOM,73,1984,318000
2014-03,TAMPINES,4 ROOM,84,1988,445000
2013-12,TAMPINES,4 ROOM,105,1985,468000
2013-03,TAMPINES,5 ROOM,124,1993,538500
2012-10,TAMPINES,4 ROOM,104,1989,532000
2015-05,TAMPINES,5 ROOM,132,1985,465000
2017-04,TAMPINES,3 ROOM,75,1983,310000
2014-06,TAMPINES,4 ROOM,104,1989,455000
2013-11,TAMPINES,4 ROOM,84,1986,425000
2014-01,TAMPINES,4 ROOM,84,1988,395000
2017-02,TAMPINES,5 ROOM,123,1993,501000
2012-08,TAMPINES,5 ROOM,133,1984,578000
2015-02,TAMPINES,4 ROOM,98,1989,480000
2013-05,TAMPINES,3 ROOM,74,1986,395000
2017-01,TAMPINES,4 ROOM,84,1984,398000
2016-04,TAMPINES,3 ROOM,74,1985,348000
2016-09,TAMPINES,5 ROOM,122,1988,580000
2015-12,TAMPINES,5 ROOM,119,1997,500000
2012-10,TAMPINES,3 ROOM,82,1984,410000
2016-07,TAMPINES,4 ROOM,105,1996,398888
2015-08,TAMPINES,4 ROOM,104,1989,428000
2017-03,TOA PAYOH,5 ROOM,125,1989,608000
2012-08,TOA PAYOH,4 ROOM,104,1984,490000
2012-07,TOA PAYOH,3 ROOM,57,1968,295000
2012-12,TOA PAYOH,3 ROOM,67,1969,370000
2014-06,TOA PAYOH,3 ROOM,67,1971,318000
2012-11,TOA PAYOH,3 ROOM,67,1970,327000
2016-05,TOA PAYOH,4 ROOM,91,2006,560000
2013-06,TOA PAYOH,3 ROOM,67,1972,412000
2012-10,TOA PAYOH,5 ROOM,116,2001,805000
2012-08,TOA PAYOH,3 ROOM,65,1972,390000
2015-12,TOA PAYOH,2 ROOM,43,1967,242000
2014-01,TOA PAYOH,4 ROOM,104,1989,510000
2015-02,TOA PAYOH,3 ROOM,67,1970,360000
2015-12,TOA PAYOH,3 ROOM,67,1970,310000
2012-04,TOA PAYOH,EXECUTIVE,147,1993,840000
2016-09,TOA PAYOH,4 ROOM,76,2009,690000
2014-09,TOA PAYOH,4 ROOM,104,1989,525000
2013-01,TOA PAYOH,5 ROOM,120,1998,688000
2013-01,TOA PAYOH,3 ROOM,57,1968,308000
2012-03,TOA PAYOH,3 ROOM,61,1973,315000
2016-02,TOA PAYOH,4 ROOM,104,1988,465000
2017-04,TOA PAYOH,3 ROOM,66,1970,270000
2012-03,TOA PAYOH,5 ROOM,140,1984,721500
2016-05,TOA PAYOH,4 ROOM,91,2009,585000
2017-04,TOA PAYOH,4 ROOM,87,1973,302000
2013-05,TOA PAYOH,3 ROOM,65,1968,376500
2013-05,TOA PAYOH,3 ROOM,65,1972,379000
2012-05,TOA PAYOH,3 ROOM,63,1983,330800
2012-05,TOA PAYOH,4 ROOM,104,1998,552000
2013-06,TOA PAYOH,3 ROOM,67,1969,346000
2017-06,TOA PAYOH,2 ROOM,40,1968,215000
2017-02,TOA PAYOH,4 ROOM,103,1997,667800
2013-04,TOA PAYOH,2 ROOM,50,1983,290000
2013-01,TOA PAYOH,5 ROOM,110,2002,830000
2017-03,TOA PAYOH,4 ROOM,81,1973,420000
2017-05,TOA PAYOH,3 ROOM,76,1982,355000
2017-04,TOA PAYOH,3 ROOM,74,1984,410000
2016-02,TOA PAYOH,4 ROOM,82,1976,403000
2016-03,TOA PAYOH,3 ROOM,65,1972,306000
2017-03,TOA PAYOH,3 ROOM,65,1973,323000
2015-06,TOA PAYOH,3 ROOM,65,1976,293000
2013-05,TOA PAYOH,4 ROOM,102,1997,640000
2015-07,TOA PAYOH,3 ROOM,65,1972,320000
2014-11,TOA PAYOH,5 ROOM,134,1993,735000
2013-04,TOA PAYOH,4 ROOM,102,1997,625000
2014-12,TOA PAYOH,3 ROOM,66,1981,305000
2015-07,TOA PAYOH,4 ROOM,93,1984,380000
2012-07,TOA PAYOH,3 ROOM,68,1969,346000
2015-08,TOA PAYOH,3 ROOM,65,1982,320000
2012-04,TOA PAYOH,3 ROOM,67,1970,378000
2015-05,TOA PAYOH,3 ROOM,65,1967,320000
2014-08,TOA PAYOH,3 ROOM,67,1970,360000
2015-06,TOA PAYOH,3 ROOM,67,1970,305000
2012-03,TOA PAYOH,EXECUTIVE,142,1993,910000
2013-05,TOA PAYOH,3 ROOM,65,1973,373000
2016-03,TOA PAYOH,3 ROOM,65,1976,280000
2016-09,TOA PAYOH,4 ROOM,92,2009,715000
2014-03,TOA PAYOH,3 ROOM,74,1984,418000
2012-06,TOA PAYOH,3 ROOM,67,1971,332000
2016-03,TOA PAYOH,3 ROOM,68,1968,306000
2013-12,TOA PAYOH,3 ROOM,64,1969,336000
2014-10,TOA PAYOH,3 ROOM,78,1972,385000
2012-03,TOA PAYOH,5 ROOM,110,2006,680000
2013-09,TOA PAYOH,3 ROOM,66,1973,298000
2013-09,TOA PAYOH,3 ROOM,74,1984,433000
2014-10,TOA PAYOH,4 ROOM,106,1998,632888
2016-02,TOA PAYOH,4 ROOM,101,1999,705000
2015-05,TOA PAYOH,4 ROOM,87,1973,463000
2014-05,TOA PAYOH,2 ROOM,50,1983,268000
2017-06,TOA PAYOH,3 ROOM,78,1970,338000
2012-10,TOA PAYOH,3 ROOM,68,1969,351000
2015-04,TOA PAYOH,3 ROOM,65,1982,301000
2017-01,TOA PAYOH,4 ROOM,91,2009,748000
2012-06,TOA PAYOH,3 ROOM,67,1970,353000
2017-06,WOODLANDS,EXECUTIVE,145,1996,638888
2015-04,WOODLANDS,5 ROOM,122,1998,480000
2016-08,WOODLANDS,5 ROOM,122,1996,455000
2013-11,WOODLANDS,5 ROOM,121,1999,475000
2016-03,WOODLANDS,4 ROOM,100,1996,385000
2015-09,WOODLANDS,4 ROOM,88,1989,346000
2012-11,WOODLANDS,EXECUTIVE,140,1999,588000
2015-02,WOODLANDS,5 ROOM,111,2004,399000
2012-11,WOODLANDS,4 ROOM,92,1985,373000
2012-05,WOODLANDS,EXECUTIVE,146,1986,560000
2012-11,WOODLANDS,3 ROOM,67,1986,332000
2012-05,WOODLANDS,5 ROOM,113,2002,483000
2015-10,WOODLANDS,4 ROOM,107,1999,408000
2015-05,WOODLANDS,EXECUTIVE,142,1999,600000
2016-01,WOODLANDS,4 ROOM,90,1998,343000
2012-08,WOODLANDS,EXECUTIVE,161,1994,670000
2014-07,WOODLANDS,3 ROOM,65,1974,283000
2013-01,WOODLANDS,3 ROOM,65,1976,303000
2015-01,WOODLANDS,5 ROOM,125,1996,503000
2013-12,WOODLANDS,EXECUTIVE,177,1995,720000
2014-07,WOODLANDS,4 ROOM,100,1996,383000
2014-02,WOODLANDS,EXECUTIVE,163,1995,678000
2013-10,WOODLANDS,4 ROOM,91,1987,370000
2016-11,WOODLANDS,4 ROOM,103,1993,360000
2012-08,WOODLANDS,EXECUTIVE,177,1995,695000
2013-12,WOODLANDS,EXECUTIVE,174,1995,690000
2014-02,WOODLANDS,4 ROOM,86,2000,393000
2016-05,WOODLANDS,5 ROOM,119,1996,445000
2015-07,WOODLANDS,4 ROOM,102,1998,385000
2013-09,WOODLANDS,5 ROOM,111,2001,450000
2014-04,WOODLANDS,3 ROOM,73,1980,315000
2015-11,WOODLANDS,3 ROOM,60,1985,265000
2016-05,WOODLANDS,EXECUTIVE,141,1999,580000
2015-06,WOODLANDS,4 ROOM,89,1994,364000
2016-10,WOODLANDS,3 ROOM,67,1985,308000
2015-09,WOODLANDS,3 ROOM,65,1976,250000
2016-10,WOODLANDS,4 ROOM,100,1997,362000
2013-11,WOODLANDS,3 ROOM,65,1974,298000
2015-08,WOODLANDS,EXECUTIVE,176,1994,630000
2017-01,WOODLANDS,4 ROOM,84,1996,323000
2015-10,WOODLANDS,4 ROOM,100,1998,378000
2016-12,WOODLANDS,4 ROOM,93,2003,405000
2017-03,WOODLANDS,EXECUTIVE,170,1995,700000
2014-02,WOODLANDS,5 ROOM,117,1997,468000
2015-10,WOODLANDS,5 ROOM,111,2001,398888
2013-05,WOODLANDS,5 ROOM,125,1996,480000
2013-10,WOODLANDS,3 ROOM,68,1995,348000
2012-03,WOODLANDS,4 ROOM,100,1997,403000
2012-04,WOODLANDS,4 ROOM,105,1999,451000
2013-11,WOODLANDS,3 ROOM,65,1976,275000
2015-09,WOODLANDS,5 ROOM,124,1996,370000
2013-08,WOODLANDS,4 ROOM,91,1986,373000
2016-07,WOODLANDS,EXECUTIVE,176,1995,715000
2014-08,WOODLANDS,4 ROOM,100,1997,380000
2015-12,WOODLANDS,5 ROOM,123,1976,388000
2012-05,WOODLANDS,4 ROOM,102,1999,414000
2015-04,WOODLANDS,5 ROOM,110,2001,405000
2014-11,WOODLANDS,5 ROOM,126,2000,498088
2016-07,WOODLANDS,5 ROOM,121,2000,440000
2014-11,WOODLANDS,4 ROOM,100,1996,390000
2015-01,WOODLANDS,5 ROOM,121,1998,420000
2016-02,WOODLANDS,4 ROOM,91,1997,307000
2013-09,WOODLANDS,3 ROOM,65,1974,298000
2017-03,WOODLANDS,4 ROOM,91,1980,282000
2015-06,WOODLANDS,4 ROOM,103,1998,365000
2013-10,WOODLANDS,4 ROOM,102,1998,405000
2014-10,WOODLANDS,5 ROOM,114,2003,460000
2012-09,WOODLANDS,4 ROOM,104,2000,447000
2012-03,WOODLANDS,3 ROOM,87,1977,333000
2013-07,WOODLANDS,4 ROOM,104,2000,450000
2013-04,WOODLANDS,EXECUTIVE,144,1998,672000
2013-10,WOODLANDS,5 ROOM,121,1999,475000
2016-03,WOODLANDS,5 ROOM,123,1999,453000
2016-10,WOODLANDS,5 ROOM,122,1988,438000
2014-12,WOODLANDS,5 ROOM,119,1997,435000
2015-09,WOODLANDS,3 ROOM,73,1990,291500
2013-07,WOODLANDS,2 ROOM,45,1984,270000
2015-12,WOODLANDS,4 ROOM,102,1997,321000
2012-09,WOODLANDS,4 ROOM,102,1998,390000
2015-10,WOODLANDS,5 ROOM,115,2000,429888
2012-03,WOODLANDS,4 ROOM,103,1985,390000
2012-04,WOODLANDS,5 ROOM,128,1996,470000
2014-03,WOODLANDS,4 ROOM,101,1998,400000
2016-11,WOODLANDS,5 ROOM,120,1998,430000
2016-08,WOODLANDS,4 ROOM,91,1997,320000
2014-03,WOODLANDS,4 ROOM,99,1997,398888
2014-11,WOODLANDS,3 ROOM,73,1994,309000
2016-05,WOODLANDS,4 ROOM,101,1997,372000
2014-03,WOODLANDS,4 ROOM,102,1999,390000
2012-08,WOODLANDS,4 ROOM,101,1998,400000
2012-05,WOODLANDS,5 ROOM,118,1997,470000
2013-03,WOODLANDS,EXECUTIVE,163,1993,676000
2012-11,WOODLANDS,EXECUTIVE,144,1996,580000
2012-11,WOODLANDS,EXECUTIVE,179,1995,725000
2015-09,WOODLANDS,4 ROOM,102,1995,370000
2012-11,WOODLANDS,5 ROOM,128,1999,508000
2013-06,WOODLANDS,4 ROOM,90,1985,378000
2014-03,WOODLANDS,5 ROOM,121,1986,425000
2014-03,WOODLANDS,4 ROOM,92,1985,385000
2013-08,WOODLANDS,3 ROOM,65,1974,295000
2012-03,WOODLANDS,5 ROOM,122,1997,451000
2016-05,WOODLANDS,4 ROOM,90,2004,370000
2014-12,WOODLANDS,5 ROOM,119,1996,475000
2012-04,WOODLANDS,4 ROOM,102,1999,395000
2015-11,WOODLANDS,4 ROOM,100,1997,380000
2014-07,WOODLANDS,4 ROOM,102,1998,391888
2013-02,WOODLANDS,4 ROOM,99,1996,430000
2012-11,WOODLANDS,EXECUTIVE,141,2000,583000
2016-05,WOODLANDS,4 ROOM,91,1997,374000
2012-03,WOODLANDS,3 ROOM,68,1981,305000
2017-03,WOODLANDS,4 ROOM,102,1998,380000
2014-12,WOODLANDS,5 ROOM,121,1996,470000
2012-08,WOODLANDS,5 ROOM,110,2004,498000
2012-07,WOODLANDS,4 ROOM,101,1996,428500
2012-12,WOODLANDS,4 ROOM,103,1997,443000
2014-09,WOODLANDS,3 ROOM,65,1974,268000
2015-06,WOODLANDS,5 ROOM,137,1995,440000
2016-10,WOODLANDS,5 ROOM,110,2000,450000
2012-05,WOODLANDS,4 ROOM,90,1974,321000
2012-09,WOODLANDS,4 ROOM,91,1977,354000
2014-11,WOODLANDS,5 ROOM,121,1990,450000
2012-10,WOODLANDS,4 ROOM,98,1985,410000
2015-11,WOODLANDS,3 ROOM,65,1976,255000
2013-04,WOODLANDS,3 ROOM,69,1985,316000
2015-12,WOODLANDS,5 ROOM,124,1997,426888
2014-07,WOODLANDS,5 ROOM,121,1997,420000
2014-03,WOODLANDS,5 ROOM,121,1998,457000
2015-03,WOODLANDS,EXECUTIVE,161,1995,610000
2016-01,WOODLANDS,4 ROOM,99,1997,390000
2016-04,WOODLANDS,5 ROOM,110,2000,410000
2017-03,WOODLANDS,3 ROOM,76,1974,250000
2015-05,WOODLANDS,5 ROOM,122,1998,438000
2016-07,WOODLANDS,5 ROOM,125,1999,455000
2014-07,WOODLANDS,EXECUTIVE,131,2001,545000
2013-03,WOODLANDS,5 ROOM,123,1999,475000
2014-07,WOODLANDS,5 ROOM,110,2004,475000
2013-01,WOODLANDS,EXECUTIVE,150,1996,645000
2012-10,WOODLANDS,4 ROOM,103,1996,403000
2016-05,WOODLANDS,4 ROOM,90,2004,
2013-03,WOODLANDS,4 ROOM,101,1999,
2014-07,WOODLANDS,5 ROOM,122,1998,
2012-06,WOODLANDS,4 ROOM,101,2000,
2012-07,WOODLANDS,4 ROOM,91,1977,
2013-05,WOODLANDS,4 ROOM,100,2000,
2013-10,WOODLANDS,5 ROOM,123,1998,
2016-08,WOODLANDS,4 ROOM,91,1980,
2016-12,WOODLANDS,3 ROOM,68,1981,
2013-07,WOODLANDS,4 ROOM,101,1999,400000
2016-06,WOODLANDS,5 ROOM,121,1996,467000
2016-07,WOODLANDS,5 ROOM,114,2003,430000
2017-02,WOODLANDS,4 ROOM,90,2004,345000
2014-04,WOODLANDS,4 ROOM,102,1998,360000
2016-03,WOODLANDS,5 ROOM,111,2001,403000
2014-06,WOODLANDS,EXECUTIVE,141,1997,568000
2016-09,WOODLANDS,3 ROOM,68,1981,270000
2013-03,WOODLANDS,4 ROOM,83,1985,368000
2012-12,WOODLANDS,4 ROOM,90,2004,461000
2015-05,YISHUN,3 ROOM,74,1986,316988
2016-11,YISHUN,4 ROOM,84,1986,350000
2013-05,YISHUN,5 ROOM,121,1985,515000
2012-11,YISHUN,4 ROOM,84,1985,360000
2016-08,YISHUN,3 ROOM,64,1985,270000
2015-10,YISHUN,3 ROOM,67,1982,287000
2014-02,YISHUN,5 ROOM,132,1992,516000
2017-03,YISHUN,5 ROOM,121,1987,445000
2016-10,YISHUN,4 ROOM,105,1989,340000
2015-06,YISHUN,4 ROOM,104,1987,367000
2016-05,YISHUN,3 ROOM,67,1985,308000
2014-05,YISHUN,4 ROOM,84,1985,380000
2012-06,YISHUN,3 ROOM,67,1985,310500
2013-04,YISHUN,3 ROOM,67,1985,370000
2013-06,YISHUN,3 ROOM,68,1985,307000
2013-11,YISHUN,3 ROOM,64,1987,303000
2014-10,YISHUN,5 ROOM,133,1986,412000
2013-04,YISHUN,3 ROOM,67,1985,353000
2015-12,YISHUN,3 ROOM,74,1988,312000
2013-02,YISHUN,3 ROOM,67,1985,347000
2014-08,YISHUN,4 ROOM,84,1987,370000
2015-01,YISHUN,4 ROOM,84,1988,290000
2012-08,YISHUN,5 ROOM,122,1988,433000
2017-06,YISHUN,EXECUTIVE,159,1992,730000
2017-01,YISHUN,4 ROOM,93,1985,403000
2016-08,YISHUN,4 ROOM,97,2012,408000
2017-03,YISHUN,5 ROOM,122,1988,455000
2015-10,YISHUN,4 ROOM,83,1987,315000
2014-04,YISHUN,5 ROOM,125,1993,533000
2016-07,YISHUN,4 ROOM,,1988,341888
2012-11,YISHUN,5 ROOM,,1988,455000
2012-11,YISHUN,3 ROOM,,1983,322000
2012-04,YISHUN,5 ROOM,,1986,490000
2016-09,YISHUN,5 ROOM,,1987,385000
2017-03,YISHUN,EXECUTIVE,,1987,600000
2014-10,YISHUN,4 ROOM,,1985,326000
2016-08,YISHUN,3 ROOM,,1987,272000
2015-10,YISHUN,4 ROOM,,1988,288000
2014-03,YISHUN,MULTI-GENERATION,,1987,730000
2014-04,YISHUN,4 ROOM,,1987,358000
2016-06,YISHUN,3 ROOM,,1987,268000
2013-09,YISHUN,4 ROOM,,1988,370000
2014-04,YISHUN,4 ROOM,,1987,398000
2013-10,YISHUN,4 ROOM,,1987,392000
2012-06,YISHUN,3 ROOM,,1987,308000
2016-08,YISHUN,4 ROOM,,2012,405000
2014-01,YISHUN,3 ROOM,,1987,315000
2013-07,YISHUN,4 ROOM,,1986,405000
2015-12,YISHUN,4 ROOM,,1985,362000
2017-02,YISHUN,4 ROOM,,1989,335000
2014-07,YISHUN,3 ROOM,,1986,308000
2014-08,YISHUN,4 ROOM,,1987,325000
2016-01,YISHUN,3 ROOM,,1985,290000
2015-01,YISHUN,4 ROOM,,1987,310000
2015-07,YISHUN,4 ROOM,,1987,365000
2017-04,YISHUN,4 ROOM,,1987,400000
2013-04,YISHUN,4 ROOM,,1985,465000
2014-11,YISHUN,4 ROOM,,1987,350000
2017-05,YISHUN,4 ROOM,,1988,383000
2012-08,YISHUN,3 ROOM,,1985,315000
2015-11,YISHUN,3 ROOM,,1987,305000
2016-03,YISHUN,4 ROOM,,1985,350000
2012-07,YISHUN,EXECUTIVE,,1987,645000
2015-12,YISHUN,5 ROOM,,1988,440000
2012-09,YISHUN,EXECUTIVE,146,1988,585000
2016-04,YISHUN,3 ROOM,68,1985,308000
2013-03,YISHUN,3 ROOM,67,1985,367000
2015-07,YISHUN,4 ROOM,104,1987,370000
2012-09,YISHUN,4 ROOM,103,1987,466000
2014-03,YISHUN,3 ROOM,67,1985,320000
2013-07,YISHUN,4 ROOM,84,1985,351000
2016-12,YISHUN,4 ROOM,83,1987,320000
2016-07,YISHUN,5 ROOM,122,1987,476000
2014-05,YISHUN,4 ROOM,104,1987,448000
2015-01,YISHUN,4 ROOM,108,1987,472000
2013-08,YISHUN,4 ROOM,104,1988,475000
2013-01,YISHUN,3 ROOM,64,1988,295000
2014-12,YISHUN,4 ROOM,104,1988,350000
2016-06,YISHUN,4 ROOM,84,1986,320000
2014-01,YISHUN,4 ROOM,93,1984,435000
2015-05,YISHUN,5 ROOM,121,1987,470000
2016-02,YISHUN,4 ROOM,104,1988,315000
2015-10,YISHUN,3 ROOM,77,1983,285000
2012-07,YISHUN,3 ROOM,67,1986,300000
2017-01,YISHUN,4 ROOM,84,1985,
2017-03,YISHUN,4 ROOM,84,1988,
2015-06,YISHUN,5 ROOM,125,1985,
2017-06,YISHUN,4 ROOM,93,2013,
2013-01,YISHUN,4 ROOM,103,1988,
2016-11,YISHUN,EXECUTIVE,147,1987,
2016-09,YISHUN,3 ROOM,67,1985,
2012-05,YISHUN,4 ROOM,93,1985,
2017-04,YISHUN,4 ROOM,105,1982,
2012-08,YISHUN,EXECUTIVE,146,1988,
2013-05,YISHUN,3 ROOM,64,1987,
2016-01,YISHUN,4 ROOM,107,1988,
2013-04,YISHUN,4 ROOM,93,1985,
2015-04,YISHUN,4 ROOM,108,1985,
2013-03,YISHUN,4 ROOM,92,1984,
2015-01,YISHUN,3 ROOM,74,1989,
2014-10,YISHUN,3 ROOM,67,1985,
2014-09,YISHUN,3 ROOM,68,1985,
2015-10,YISHUN,4 ROOM,104,1988,
2014-12,YISHUN,EXECUTIVE,146,1988,
2016-02,YISHUN,4 ROOM,92,1984,
2014-12,YISHUN,3 ROOM,68,1984,
2017-02,YISHUN,5 ROOM,122,1988,
2013-07,YISHUN,3 ROOM,67,1985,
2017-04,YISHUN,4 ROOM,104,1985,398000
2017-05,YISHUN,5 ROOM,122,1988,480000
2012-06,YISHUN,3 ROOM,67,1985,326000
2012-03,YISHUN,3 ROOM,74,1989,319000
2013-11,YISHUN,4 ROOM,84,1988,345000
2013-01,YISHUN,3 ROOM,74,1985,339000
2016-12,YISHUN,4 ROOM,104,1987,380000
2014-01,YISHUN,4 ROOM,84,1985,352000
2012-06,YISHUN,3 ROOM,64,1986,288000
2017-05,YISHUN,3 ROOM,74,1987,300000
2017-04,YISHUN,EXECUTIVE,146,1987,645000
2016-09,YISHUN,4 ROOM,84,1987,338000
2012-06,YISHUN,4 ROOM,93,1985,400000
