year,icd_main_category,icd_detail_category,death_count,death_rate
2017,1-001-Certain infection and parasitic diseases(A10-B99),1-003-Diarrhoea and gastroenteritis of presumed infectious origin(A09),36,0.882546656
2017,1-001-Certain infection and parasitic diseases(A10-B99),1-004-Other intestinal infectious diseases(A01-A08),4,0.100862475
2017,1-001-Certain infection and parasitic diseases(A10-B99),1-005-Respiratory tuberculosis(A15-A16),22,0.479096756
2017,1-001-Certain infection and parasitic diseases(A10-B99),1-006-Other tuberculosis(A17-A19),10,0.252156188
2017,1-001-Certain infection and parasitic diseases(A10-B99),1-009-Diphtheria(A36),1,0
2017,1-001-Certain infection and parasitic diseases(A10-B99),1-010-Whooping cough(A37),1,0.025215619
2017,1-001-Certain infection and parasitic diseases(A10-B99),1-012-Septicaemia(A40-A41),44,1.033840369
2017,1-001-Certain infection and parasitic diseases(A10-B99),"1-017-Other arthropod-borne viral fevers				and viral haemorrhagic fevers(A90-A94,A96-A99)",2,0
2017,1-001-Certain infection and parasitic diseases(A10-B99),1-019-Viral hepatitis(B15-B19),2,0.050431238
2017,1-001-Certain infection and parasitic diseases(A10-B99),1-020-Human immunodeficiency virus [HIV] disease(B20-B24),31,0.756468563
2017,1-001-Certain infection and parasitic diseases(A10-B99),1-025-Remainder of certain infectious and parasitic diseases,36,0.8068998
2017,1-026-Neplasms(C00-D48),"1-027-Malignant neoplasm of lip, oral cavity and pharynx(C00-C14)",214,5.143986226
2017,1-026-Neplasms(C00-D48),1-028-Malignant neoplasm of oesophagus(C15),93,2.193758832
2017,1-026-Neplasms(C00-D48),1-029-Malignant neoplasm of stomach(C16),319,7.690763721
2017,1-026-Neplasms(C00-D48),"1-030-Malignant neoplasm of colon, rectum and anus(C18-C21)",896,21.83672584
2017,1-026-Neplasms(C00-D48),1-031-Malignant neoplasm of liver and intrahepatic bile ducts(C22),623,14.95286192
2017,1-026-Neplasms(C00-D48),1-032-Malignant neoplasm of pancreas(C25),379,9.178485227
2017,1-026-Neplasms(C00-D48),1-033-Malignant neoplasm of larynx(C32),18,0.453881138
2017,1-026-Neplasms(C00-D48),"1-034-Malignant neoplasm of trachea, bronchus and lung(C33-C34)",1245,30.25874251
2017,1-026-Neplasms(C00-D48),1-035-Malignant melanoma of skin(C43),12,0.277371806
2017,1-026-Neplasms(C00-D48),1-036-Malignant neoplasm of breast(C50),480,11.54875339
2017,1-026-Neplasms(C00-D48),1-037-Malignant neoplasm of cervix uteri(C53),73,1.81552455
2017,1-026-Neplasms(C00-D48),1-038-Malignant neoplasm of other and unspecified parts of uterus(C54-C55),114,2.698071207
2017,1-026-Neplasms(C00-D48),1-039-Malignant neoplasm of ovary(C56),140,3.353677295
2017,1-026-Neplasms(C00-D48),1-040-Malignant neoplasm of prostate(C61),186,4.46316452
2017,1-026-Neplasms(C00-D48),1-041-Malignant neoplasm of bladder(C67),80,1.916387025
2017,1-026-Neplasms(C00-D48),"1-042-Malignant neoplasm of meninges, brain and other parts of central nervous system(C70-C72)",79,1.765093313
2017,1-026-Neplasms(C00-D48),1-043-Non-Hodgkins lymphoma(C82-C85)),195,4.387517664
2017,1-026-Neplasms(C00-D48),1-044-Multiple myeloma and malignant plasma cell neoplasms(C90),51,1.109487225
2017,1-026-Neplasms(C00-D48),1-045-Leukaemia(C91-C95),194,4.362302045
2017,1-026-Neplasms(C00-D48),1-046-Remainder of malignant neoplasms,686,16.33972095
2017,1-026-Neplasms(C00-D48),1-047-Remainder of neoplasms(D00-D48),160,3.832774051
2017,"1-048-Diseases of the blood and blood-forming organs and					certain disorders involving the immune mechanism(D50-D89)",1-049-Anaemias(D50-D64),8,0.176509331
2017,"1-048-Diseases of the blood and blood-forming organs and					certain disorders involving the immune mechanism(D50-D89)","1-050-Remainder of diseases of the blood and blood-forming		organs and certain disorders involving the immune mechanism(D65-D89)",9,0.226940569
2017,"1-051-Endocrine, nutritional and metabolic diseases(E00-E88)",1-052-Diabetes mellitus(E10-E14),321,8.018566764
2017,"1-051-Endocrine, nutritional and metabolic diseases(E00-E88)","1-054-Remainder of endocrine, nutritional and metabolic diseases",19,0.479096756
2017,1-055-Mental and behavioural disorders(F01-F99),"1-057-Remainder of mental and behavioural disorders(F01-F09,F20-F99)",1,0.025215619
2017,1-058-Diseases of the nervous system(G00-G98),"1-059-Meningitis(G00,G03)",1,0.025215619
2017,1-058-Diseases of the nervous system(G00-G98),1-060-Alzheimers disease(G30),5,0.126078094
2017,1-058-Diseases of the nervous system(G00-G98),"1-061-Remainder of diseases of the nervous system(G04-G25,G31-G98)",177,4.160577095
2017,1-063-Diseases of the ear and mastoid process(H60-H93),1-063-Diseases of the ear and mastoid process(H60-H93),2,0.050431238
2017,1-064-Diseases of the circulatory system(I00-I99),1-065-Acute rheumatic fever and chronic rheumatic heart diseases(I00-I09),22,0.504312375
2017,1-064-Diseases of the circulatory system(I00-I99),1-066-Hypertensive diseases(I10-I13),712,16.51623029
2017,1-064-Diseases of the circulatory system(I00-I99),1-067-Ischaemic heart diseases(I20-I25),3860,91.48226485
2017,1-064-Diseases of the circulatory system(I00-I99),1-068-Other heart diseases(I26-I51),376,8.598525996
2017,1-064-Diseases of the circulatory system(I00-I99),1-069-Cerebrovascular diseases(I60-I69),1310,31.09085793
2017,1-064-Diseases of the circulatory system(I00-I99),1-070-Atherosclerosis(I71),41,1.033840369
2017,1-064-Diseases of the circulatory system(I00-I99),1-071-Remainder of diseases of the circulatory system(I71-I99),220,5.219633082
2017,1-072-Diseases of the respiratory system(J00-J98),1-073-Influenza(J09-J11),4,0.100862475
2017,1-072-Diseases of the respiratory system(J00-J98),1-074-Pneumonia(J12-J18),4212,103.1318807
2017,1-072-Diseases of the respiratory system(J00-J98),1-075-Other acute lower respiratory infections(J20-J22),1,0.025215619
2017,1-072-Diseases of the respiratory system(J00-J98),1-076-Chronic lower respiratory diseases(J40-J47),430,10.26275683
2017,1-072-Diseases of the respiratory system(J00-J98),1-077-Remainder of diseases of the respiratory system,110,2.571993113
2017,1-078-Diseases of the digestive system(K00-K92),1-079-Gastric and duodenal ulcer(K25-K27),43,1.059055988
2017,1-078-Diseases of the digestive system(K00-K92),1-080-Diseases of the liver(K70-K76),176,4.211008332
2017,1-078-Diseases of the digestive system(K00-K92),1-081-Remainder of diseases of the digestive system,266,6.379551545
2017,1-082-Diseases of the skin and subcutaneous tissue(L00-L98),1-082-Diseases of the skin and subcutaneous tissue(L00-L98),113,2.798933682
2017,1-083-Diseases of the musculoskeletal system and connective tissue(M00-M99),1-083-Diseases of the musculoskeletal system and connective tissue(M00-M99),87,2.067680738
2017,1-084-Diseases of the genitourinary system(N00-N98),1-085-Glomerular and renal tubulo-interstitial diseases(N00-N15),16,0.4034499
2017,1-084-Diseases of the genitourinary system(N00-N98),1-086-Remainder of diseases of the genitourinary system(N17-N98),909,22.11409765
2017,1-092-Certain conditions originating in the perinatal period(P00-P96),1-092-Certain conditions originating in the perinatal period(P00-P96),39,0.857331038
2017,"1-093-Congenital malformations, deformations and chromosomal abnormalities(Q00-Q99)","1-093-Congenital malformations, deformations and chromosomal abnormalities(Q00-Q99)",49,1.059055988
2017,"1-094-Symptoms, signs and abnormal clinical and 		     laboratory findings, not elsewhere classified(R00-R99)","1-094-Symptoms, signs and abnormal clinical and laboratory findings, not elsewhere classified(R00-R99)",100,2.042465119
2017,1-095-External causes of morbidity and mortality(V01-Y89),1-096-Transport accidents(V01-V99),141,2.824149301
2017,1-095-External causes of morbidity and mortality(V01-Y89),1-097-Falls(W00-W19),142,3.303246057
2017,1-095-External causes of morbidity and mortality(V01-Y89),1-098-Accidental drowning and submersion(W65-W74),15,0.277371806
2017,1-095-External causes of morbidity and mortality(V01-Y89),"1-099-Exposure to smoke, fire and flames(X00-X09)",4,0.075646856
2017,1-095-External causes of morbidity and mortality(V01-Y89),1-100-Accidental poisoning by and exposure to noxious substances(X40-X49),16,0.4034499
2017,1-095-External causes of morbidity and mortality(V01-Y89),1-101-Intentional self-harm(X60-X84),361,7.741194958
2017,1-095-External causes of morbidity and mortality(V01-Y89),1-102-Assault(X85-Y09),16,0.353018663
2017,1-095-External causes of morbidity and mortality(V01-Y89),1-103-All other external causes,145,2.571993113
2018,1-001-Certain infection and parasitic diseases(A10-B99),1-003-Diarrhoea and gastroenteritis of presumed infectious origin(A09),16,0.375536736
2018,1-001-Certain infection and parasitic diseases(A10-B99),1-004-Other intestinal infectious diseases(A01-A08),13,0.250357824
2018,1-001-Certain infection and parasitic diseases(A10-B99),1-005-Respiratory tuberculosis(A15-A16),25,0.600858777
2018,1-001-Certain infection and parasitic diseases(A10-B99),1-006-Other tuberculosis(A17-A19),3,0.075107347
2018,1-001-Certain infection and parasitic diseases(A10-B99),1-012-Septicaemia(A40-A41),89,2.178113068
2018,1-001-Certain infection and parasitic diseases(A10-B99),1-014-Acute poliomyelitis(A80),1,0.025035782
2018,1-001-Certain infection and parasitic diseases(A10-B99),"1-017-Other arthropod-borne viral fevers				and viral haemorrhagic fevers(A90-A94,A96-A99)",5,0.125178912
2018,1-001-Certain infection and parasitic diseases(A10-B99),1-019-Viral hepatitis(B15-B19),5,0.125178912
2018,1-001-Certain infection and parasitic diseases(A10-B99),1-020-Human immunodeficiency virus [HIV] disease(B20-B24),18,0.400572518
2018,1-001-Certain infection and parasitic diseases(A10-B99),1-025-Remainder of certain infectious and parasitic diseases,24,0.550787213
2018,1-026-Neplasms(C00-D48),"1-027-Malignant neoplasm of lip, oral cavity and pharynx(C00-C14)",206,4.982120696
2018,1-026-Neplasms(C00-D48),1-028-Malignant neoplasm of oesophagus(C15),104,2.428470892
2018,1-026-Neplasms(C00-D48),1-029-Malignant neoplasm of stomach(C16),319,7.510734718
2018,1-026-Neplasms(C00-D48),"1-030-Malignant neoplasm of colon, rectum and anus(C18-C21)",939,22.98284824
2018,1-026-Neplasms(C00-D48),1-031-Malignant neoplasm of liver and intrahepatic bile ducts(C22),621,14.99643365
2018,1-026-Neplasms(C00-D48),1-032-Malignant neoplasm of pancreas(C25),430,10.43992126
2018,1-026-Neplasms(C00-D48),1-033-Malignant neoplasm of larynx(C32),31,0.726037689
2018,1-026-Neplasms(C00-D48),"1-034-Malignant neoplasm of trachea, bronchus and lung(C33-C34)",1268,30.44351139
2018,1-026-Neplasms(C00-D48),1-035-Malignant melanoma of skin(C43),18,0.425608301
2018,1-026-Neplasms(C00-D48),1-036-Malignant neoplasm of breast(C50),493,11.74178194
2018,1-026-Neplasms(C00-D48),1-037-Malignant neoplasm of cervix uteri(C53),65,1.577254291
2018,1-026-Neplasms(C00-D48),1-038-Malignant neoplasm of other and unspecified parts of uterus(C54-C55),98,2.428470892
2018,1-026-Neplasms(C00-D48),1-039-Malignant neoplasm of ovary(C56),128,3.029329669
2018,1-026-Neplasms(C00-D48),1-040-Malignant neoplasm of prostate(C61),224,5.532907909
2018,1-026-Neplasms(C00-D48),1-041-Malignant neoplasm of bladder(C67),88,2.077969939
2018,1-026-Neplasms(C00-D48),"1-042-Malignant neoplasm of meninges, brain and other parts of central nervous system(C70-C72)",110,2.678828716
2018,1-026-Neplasms(C00-D48),1-043-Non-Hodgkins lymphoma(C82-C85)),174,4.055796748
2018,1-026-Neplasms(C00-D48),1-044-Multiple myeloma and malignant plasma cell neoplasms(C90),58,1.427039596
2018,1-026-Neplasms(C00-D48),1-045-Leukaemia(C91-C95),157,3.354794841
2018,1-026-Neplasms(C00-D48),1-046-Remainder of malignant neoplasms,601,14.29543175
2018,1-026-Neplasms(C00-D48),1-047-Remainder of neoplasms(D00-D48),111,2.628757151
2018,"1-048-Diseases of the blood and blood-forming organs and					certain disorders involving the immune mechanism(D50-D89)",1-049-Anaemias(D50-D64),13,0.275393606
2018,"1-048-Diseases of the blood and blood-forming organs and					certain disorders involving the immune mechanism(D50-D89)","1-050-Remainder of diseases of the blood and blood-forming		organs and certain disorders involving the immune mechanism(D65-D89)",12,0.250357824
2018,"1-051-Endocrine, nutritional and metabolic diseases(E00-E88)",1-052-Diabetes mellitus(E10-E14),281,6.884840158
2018,"1-051-Endocrine, nutritional and metabolic diseases(E00-E88)","1-054-Remainder of endocrine, nutritional and metabolic diseases",15,0.350500953
2018,1-055-Mental and behavioural disorders(F01-F99),"1-057-Remainder of mental and behavioural disorders(F01-F09,F20-F99)",3,0.075107347
2018,1-058-Diseases of the nervous system(G00-G98),"1-059-Meningitis(G00,G03)",3,0.075107347
2018,1-058-Diseases of the nervous system(G00-G98),1-060-Alzheimers disease(G30),24,0.550787213
2018,1-058-Diseases of the nervous system(G00-G98),"1-061-Remainder of diseases of the nervous system(G04-G25,G31-G98)",184,4.331190354
2018,1-062-Diseases of the eye and adnexa(H00-H57),1-062-Diseases of the eye and adnexa(H00-H57),1,0.025035782
2018,1-063-Diseases of the ear and mastoid process(H60-H93),1-063-Diseases of the ear and mastoid process(H60-H93),3,0.075107347
2018,1-064-Diseases of the circulatory system(I00-I99),1-065-Acute rheumatic fever and chronic rheumatic heart diseases(I00-I09),25,0.575822995
2018,1-064-Diseases of the circulatory system(I00-I99),1-066-Hypertensive diseases(I10-I13),632,14.82118318
2018,1-064-Diseases of the circulatory system(I00-I99),1-067-Ischaemic heart diseases(I20-I25),3862,90.22895974
2018,1-064-Diseases of the circulatory system(I00-I99),1-068-Other heart diseases(I26-I51),420,9.388418397
2018,1-064-Diseases of the circulatory system(I00-I99),1-069-Cerebrovascular diseases(I60-I69),1277,30.143082
2018,1-064-Diseases of the circulatory system(I00-I99),1-070-Atherosclerosis(I71),28,0.701001907
2018,1-064-Diseases of the circulatory system(I00-I99),1-071-Remainder of diseases of the circulatory system(I71-I99),213,4.957084914
2018,1-072-Diseases of the respiratory system(J00-J98),1-073-Influenza(J09-J11),7,0.125178912
2018,1-072-Diseases of the respiratory system(J00-J98),1-074-Pneumonia(J12-J18),4380,106.2518605
2018,1-072-Diseases of the respiratory system(J00-J98),1-075-Other acute lower respiratory infections(J20-J22),3,0.050071565
2018,1-072-Diseases of the respiratory system(J00-J98),1-076-Chronic lower respiratory diseases(J40-J47),394,9.388418397
2018,1-072-Diseases of the respiratory system(J00-J98),1-077-Remainder of diseases of the respiratory system,125,2.954222322
2018,1-078-Diseases of the digestive system(K00-K92),1-079-Gastric and duodenal ulcer(K25-K27),38,0.951359731
2018,1-078-Diseases of the digestive system(K00-K92),1-080-Diseases of the liver(K70-K76),182,4.231047224
2018,1-078-Diseases of the digestive system(K00-K92),1-081-Remainder of diseases of the digestive system,298,7.01001907
2018,1-082-Diseases of the skin and subcutaneous tissue(L00-L98),1-082-Diseases of the skin and subcutaneous tissue(L00-L98),132,3.154508581
2018,1-083-Diseases of the musculoskeletal system and connective tissue(M00-M99),1-083-Diseases of the musculoskeletal system and connective tissue(M00-M99),108,2.653792934
2018,1-084-Diseases of the genitourinary system(N00-N98),1-085-Glomerular and renal tubulo-interstitial diseases(N00-N15),34,0.751073472
2018,1-084-Diseases of the genitourinary system(N00-N98),1-086-Remainder of diseases of the genitourinary system(N17-N98),1058,25.68671273
2018,"1-087-Pregnancy, childbirth and the puerperium(O00-O99)",1-088-Pregnancy with abortive outcome(O00-O07),1,0.025035782
2018,"1-087-Pregnancy, childbirth and the puerperium(O00-O99)",1-089-Other direct obstetric deaths(O10-O92),3,0.050071565
2018,1-092-Certain conditions originating in the perinatal period(P00-P96),1-092-Certain conditions originating in the perinatal period(P00-P96),35,0.726037689
2018,"1-093-Congenital malformations, deformations and chromosomal abnormalities(Q00-Q99)","1-093-Congenital malformations, deformations and chromosomal abnormalities(Q00-Q99)",61,1.301860684
2018,"1-094-Symptoms, signs and abnormal clinical and 		     laboratory findings, not elsewhere classified(R00-R99)","1-094-Symptoms, signs and abnormal clinical and laboratory findings, not elsewhere classified(R00-R99)",76,1.502146944
2018,1-095-External causes of morbidity and mortality(V01-Y89),1-096-Transport accidents(V01-V99),140,2.353363545
2018,1-095-External causes of morbidity and mortality(V01-Y89),1-097-Falls(W00-W19),195,4.180975659
2018,1-095-External causes of morbidity and mortality(V01-Y89),1-098-Accidental drowning and submersion(W65-W74),27,0.375536736
2018,1-095-External causes of morbidity and mortality(V01-Y89),"1-099-Exposure to smoke, fire and flames(X00-X09)",6,0.125178912
2018,1-095-External causes of morbidity and mortality(V01-Y89),1-100-Accidental poisoning by and exposure to noxious substances(X40-X49),30,0.650930342
2018,1-095-External causes of morbidity and mortality(V01-Y89),1-101-Intentional self-harm(X60-X84),397,8.361951319
2018,1-095-External causes of morbidity and mortality(V01-Y89),1-102-Assault(X85-Y09),4,0.025035782
2018,1-095-External causes of morbidity and mortality(V01-Y89),1-103-All other external causes,110,2.027898374
2019,1-001-Certain infection and parasitic diseases(A10-B99),1-003-Diarrhoea and gastroenteritis of presumed infectious origin(A09),16,0.347721641
2019,1-001-Certain infection and parasitic diseases(A10-B99),1-004-Other intestinal infectious diseases(A01-A08),9,0.198698081
2019,1-001-Certain infection and parasitic diseases(A10-B99),1-005-Respiratory tuberculosis(A15-A16),18,0.447070681
2019,1-001-Certain infection and parasitic diseases(A10-B99),1-006-Other tuberculosis(A17-A19),2,0.02483726
2019,1-001-Certain infection and parasitic diseases(A10-B99),1-012-Septicaemia(A40-A41),134,3.204006548
2019,1-001-Certain infection and parasitic diseases(A10-B99),"1-017-Other arthropod-borne viral fevers				and viral haemorrhagic fevers(A90-A94,A96-A99)",22,0.521582461
2019,1-001-Certain infection and parasitic diseases(A10-B99),1-019-Viral hepatitis(B15-B19),5,0.1241863
2019,1-001-Certain infection and parasitic diseases(A10-B99),1-020-Human immunodeficiency virus [HIV] disease(B20-B24),11,0.273209861
2019,1-001-Certain infection and parasitic diseases(A10-B99),1-021-Malaria(B50-B54),1,0
2019,1-001-Certain infection and parasitic diseases(A10-B99),1-025-Remainder of certain infectious and parasitic diseases,21,0.496745201
2019,1-026-Neplasms(C00-D48),"1-027-Malignant neoplasm of lip, oral cavity and pharynx(C00-C14)",217,5.190987353
2019,1-026-Neplasms(C00-D48),1-028-Malignant neoplasm of oesophagus(C15),99,2.309865186
2019,1-026-Neplasms(C00-D48),1-029-Malignant neoplasm of stomach(C16),311,7.302154458
2019,1-026-Neplasms(C00-D48),"1-030-Malignant neoplasm of colon, rectum and anus(C18-C21)",893,21.68292803
2019,1-026-Neplasms(C00-D48),1-031-Malignant neoplasm of liver and intrahepatic bile ducts(C22),561,13.18858509
2019,1-026-Neplasms(C00-D48),1-032-Malignant neoplasm of pancreas(C25),415,9.761043205
2019,1-026-Neplasms(C00-D48),1-033-Malignant neoplasm of larynx(C32),36,0.844466842
2019,1-026-Neplasms(C00-D48),"1-034-Malignant neoplasm of trachea, bronchus and lung(C33-C34)",1202,28.68703537
2019,1-026-Neplasms(C00-D48),1-035-Malignant melanoma of skin(C43),24,0.546419721
2019,1-026-Neplasms(C00-D48),1-036-Malignant neoplasm of breast(C50),445,10.55583553
2019,1-026-Neplasms(C00-D48),1-037-Malignant neoplasm of cervix uteri(C53),52,1.192188483
2019,1-026-Neplasms(C00-D48),1-038-Malignant neoplasm of other and unspecified parts of uterus(C54-C55),119,2.881122167
2019,1-026-Neplasms(C00-D48),1-039-Malignant neoplasm of ovary(C56),153,3.675914489
2019,1-026-Neplasms(C00-D48),1-040-Malignant neoplasm of prostate(C61),246,5.836756115
2019,1-026-Neplasms(C00-D48),1-041-Malignant neoplasm of bladder(C67),94,2.210516146
2019,1-026-Neplasms(C00-D48),"1-042-Malignant neoplasm of meninges, brain and other parts of central nervous system(C70-C72)",102,2.483726006
2019,1-026-Neplasms(C00-D48),1-043-Non-Hodgkins lymphoma(C82-C85)),223,5.041963793
2019,1-026-Neplasms(C00-D48),1-044-Multiple myeloma and malignant plasma cell neoplasms(C90),65,1.564747384
2019,1-026-Neplasms(C00-D48),1-045-Leukaemia(C91-C95),177,3.651077229
2019,1-026-Neplasms(C00-D48),1-046-Remainder of malignant neoplasms,663,15.89584644
2019,1-026-Neplasms(C00-D48),1-047-Remainder of neoplasms(D00-D48),156,3.675914489
2019,"1-048-Diseases of the blood and blood-forming organs and					certain disorders involving the immune mechanism(D50-D89)",1-049-Anaemias(D50-D64),5,0.09934904
2019,"1-048-Diseases of the blood and blood-forming organs and					certain disorders involving the immune mechanism(D50-D89)","1-050-Remainder of diseases of the blood and blood-forming		organs and certain disorders involving the immune mechanism(D65-D89)",9,0.17386082
2019,"1-051-Endocrine, nutritional and metabolic diseases(E00-E88)",1-052-Diabetes mellitus(E10-E14),263,6.358338576
2019,"1-051-Endocrine, nutritional and metabolic diseases(E00-E88)","1-054-Remainder of endocrine, nutritional and metabolic diseases",7,0.14902356
2019,1-055-Mental and behavioural disorders(F01-F99),"1-057-Remainder of mental and behavioural disorders(F01-F09,F20-F99)",2,0.04967452
2019,1-058-Diseases of the nervous system(G00-G98),"1-059-Meningitis(G00,G03)",5,0.09934904
2019,1-058-Diseases of the nervous system(G00-G98),1-060-Alzheimers disease(G30),4,0.07451178
2019,1-058-Diseases of the nervous system(G00-G98),"1-061-Remainder of diseases of the nervous system(G04-G25,G31-G98)",172,3.99879887
2019,1-062-Diseases of the eye and adnexa(H00-H57),1-062-Diseases of the eye and adnexa(H00-H57),1,0.02483726
2019,1-063-Diseases of the ear and mastoid process(H60-H93),1-063-Diseases of the ear and mastoid process(H60-H93),1,0.02483726
2019,1-064-Diseases of the circulatory system(I00-I99),1-065-Acute rheumatic fever and chronic rheumatic heart diseases(I00-I09),19,0.471907941
2019,1-064-Diseases of the circulatory system(I00-I99),1-066-Hypertensive diseases(I10-I13),559,12.98988701
2019,1-064-Diseases of the circulatory system(I00-I99),1-067-Ischaemic heart diseases(I20-I25),4026,93.56195866
2019,1-064-Diseases of the circulatory system(I00-I99),1-068-Other heart diseases(I26-I51),419,9.512670604
2019,1-064-Diseases of the circulatory system(I00-I99),1-069-Cerebrovascular diseases(I60-I69),1253,29.30796687
2019,1-064-Diseases of the circulatory system(I00-I99),1-070-Atherosclerosis(I71),34,0.844466842
2019,1-064-Diseases of the circulatory system(I00-I99),1-071-Remainder of diseases of the circulatory system(I71-I99),246,5.712569814
2019,1-072-Diseases of the respiratory system(J00-J98),1-073-Influenza(J09-J11),7,0.1241863
2019,1-072-Diseases of the respiratory system(J00-J98),1-074-Pneumonia(J12-J18),4435,106.9244046
2019,1-072-Diseases of the respiratory system(J00-J98),1-075-Other acute lower respiratory infections(J20-J22),6,0.14902356
2019,1-072-Diseases of the respiratory system(J00-J98),1-076-Chronic lower respiratory diseases(J40-J47),377,9.115274443
2019,1-072-Diseases of the respiratory system(J00-J98),1-077-Remainder of diseases of the respiratory system,127,3.054982988
2019,1-078-Diseases of the digestive system(K00-K92),1-079-Gastric and duodenal ulcer(K25-K27),54,1.291537523
2019,1-078-Diseases of the digestive system(K00-K92),1-080-Diseases of the liver(K70-K76),198,4.570055852
2019,1-078-Diseases of the digestive system(K00-K92),1-081-Remainder of diseases of the digestive system,314,7.550527059
2019,1-082-Diseases of the skin and subcutaneous tissue(L00-L98),1-082-Diseases of the skin and subcutaneous tissue(L00-L98),117,2.831447647
2019,1-083-Diseases of the musculoskeletal system and connective tissue(M00-M99),1-083-Diseases of the musculoskeletal system and connective tissue(M00-M99),93,2.185678886
2019,1-084-Diseases of the genitourinary system(N00-N98),1-085-Glomerular and renal tubulo-interstitial diseases(N00-N15),16,0.372558901
2019,1-084-Diseases of the genitourinary system(N00-N98),1-086-Remainder of diseases of the genitourinary system(N17-N98),1166,28.23996469
2019,"1-087-Pregnancy, childbirth and the puerperium(O00-O99)",1-089-Other direct obstetric deaths(O10-O92),1,0
2019,1-092-Certain conditions originating in the perinatal period(P00-P96),1-092-Certain conditions originating in the perinatal period(P00-P96),31,0.521582461
2019,"1-093-Congenital malformations, deformations and chromosomal abnormalities(Q00-Q99)","1-093-Congenital malformations, deformations and chromosomal abnormalities(Q00-Q99)",37,0.894141362
2019,"1-094-Symptoms, signs and abnormal clinical and 		     laboratory findings, not elsewhere classified(R00-R99)","1-094-Symptoms, signs and abnormal clinical and laboratory findings, not elsewhere classified(R00-R99)",94,1.962143545
2019,1-095-External causes of morbidity and mortality(V01-Y89),1-096-Transport accidents(V01-V99),133,2.285027926
2019,1-095-External causes of morbidity and mortality(V01-Y89),1-097-Falls(W00-W19),165,3.601402709
2019,1-095-External causes of morbidity and mortality(V01-Y89),1-098-Accidental drowning and submersion(W65-W74),19,0.273209861
2019,1-095-External causes of morbidity and mortality(V01-Y89),"1-099-Exposure to smoke, fire and flames(X00-X09)",4,0.07451178
2019,1-095-External causes of morbidity and mortality(V01-Y89),1-100-Accidental poisoning by and exposure to noxious substances(X40-X49),28,0.620931502
2019,1-095-External causes of morbidity and mortality(V01-Y89),1-101-Intentional self-harm(X60-X84),400,7.99759774
2019,1-095-External causes of morbidity and mortality(V01-Y89),1-102-Assault(X85-Y09),13,0.273209861
2019,1-095-External causes of morbidity and mortality(V01-Y89),1-103-All other external causes,94,1.713770944
